00111,Ltt Mao Special
00112,Mao Ltt Special
00113,Ltt Mao Special
00114,Mao Ltt Special
00115,Ltt Rn Special
00116,Rn Ltt Special
00117,Bsr Ratnagiri S
00601,Tvc Mas Premium
00602,Tvc Mas Premium
00603,Mas Cbe Premium
00604,Cbe Mas Premium
00605,Mas Cbe Premium
00607,Ms Ten Premium
00611,Ms Ncj Premium
00641,Kyq Tvc Premium
00851,Ypr Premium Special
00852,Ypr Bbs Premium
01001,Ltt Krmi Ac Special
01002,Krmi Ltt Ac Special
01009,Sur Pune Superfast Special
01010,Pune Sur Superfast Special
01011,Pune Hbj Special
01012,Ngp Cstm Special
01013,Cstm Nagpur Special
01014,Ngp Cstm Special
01015,Ltt Gwalior Special
01016,Gwl Ltt  Special
01017,Ltt Karaikal Special
01018,Nagpur Ltt Special
01020,Bbs Cstm Special
01021,Ngp Pune Special
01022,Pune Ngp Special
01027,Cstm Bsb Special
01028,Bsb Cstm Special
01029,Lttvlnk Special
01030,Bsb Cstm  Special
01032,Hyb Kop Special
01033,Cstm Mao Special
01034,Cstm Ganpati Special
01037,Snsi Pvr Special
01038,Pvr Snsi Special
01039,Ltt Karmali Special
01040,Ltt Ganpati Special
01045,Mao Ganpati Special
01046,Ltt Ganpati Special
01048,Gkp Ltt Special
01054,Pnbe Cstm Special
01056,Bsb Ltt Special
01061,Ltt Mau Special
01062,Mau Ltt Special
01065,Cstm  Ers Special
01066,Ers Ltt  Express
01067,Ltt Ten Special
01068,Ten  Ltt Express
01072,Nzm  Pune Special
01075,Bsb Teachers Special
01076,Teachers Special
01077,Pune Nzm Special
01080,Bsb Cstm Special
01092,Teachers Special
01201,Ltt Swv Special
01202,Swv Ltt Special
01203,Ngp Pune Superfast Special
01204,Pune Nagpur Special
01205,Ltt Kop  Special
01206,Kop Ltt Special
01207,Latur Pvr Special
01208,Pvr Latur Special
01211,Cstm Nagpur Special
01212,Ngp Cstm Special
01221,Gr Bpl Special
01222,Src Ltt Special
01229,Ltt Mao Ac Special
01230,Mao Ltt Ac Special
01265,Jbp Rewa Special
01266,Rewa Hbj Special
01267,Hbj Jbp Special
01301,Dd Mrj Special
01302,Sur Latur Special
01304,Kwv Dd  Special
01407,Kop Solapur Special
01408,Sur Kop Special
01422,Ljn Pune Special
01436,Agc Pune Special
01447,Shaktipunj Express
01453,Ngp Udhna Special
01454,Udn Ngp Special
01478,Ljn Pune Special
01493,Bijapur Express
01494,Hubli Express
01651,Pune Hbj Special
01655,Pune Jbp Superfast Special
01656,Jbp Pune Superfast Special
01657,Ngp Hbj Special
01658,Hbj Ngp Special
01659,Hbj Gaya Special
01670,Rewa Kota Superfast Special
01674,Jbp Hbj Superfast Special
01676,Rewa Kota Superfast Special
01701,Cstm Jbp Superfast Special
01703,Rewa Indb Express
01705,Jabalpur Nyn Special
01706,Nyn Jbp Mela Special
01707,Jbp Durg Special
01708,Durg Jbp Special
01709,Jbp Gaya Special
01710,Gaya Jbp Special
01711,Pnbe Chhat Special
01712,Pnbe Jbp Special
01753,Jbp Bsp Special
01754,Bsp Jbp Special
01755,Jbp Bsp Special
01756,Bsp Jbp Special
02001,Karmali Shatabdi Special
02002,Cstm Shatabdi Special
02046,Ltt Premium Special
02053,Pnbe Premium Special
02054,Pnbe Ltt Premiu
02069,Bsb Premium Special
02070,Bsb Ltt Premium
02084,Hte Cstm Superfast Special
02113,Ltt Mao Ac  Special
02114,Ljn Ltt Ac Special
02159,Ngp Jbp Superfast Special
02160,Jbp Ngp Superfast Special
02183,Bpl Rewa Superfast Special
02185,Hbj Rewa Special
02186,Rewa Hbj Superfast Special
02187,Cstm Garibrath
02188,Jbp Garibrath S
02191,Hbj Rewa Superfast Special
02204,Shc Garib Rath
02208,Jat Adi Gr Special
02220,Sc Ltt Special
02249,Hwh Dgha Special
02250,Dgha Hwh Special
02259,Ndls Premium Special
02260,Sdah Premium
02261,Ghy Premium Special
02262,Ghy Sdah Premiu
02266,Sdah Superfast Premium
02365,Anvt Premium
02366,Pnbe Premium Special
02393,Pnbe Anvt Superfast Special
02394,Anvt Pnbe Special
02403,Mtj Jp Special
02404,Jp Mtj Special
02409,Pune Udn Shatabdi Special
02410,Pune Shatabdi S
02411,Cdg Asr Inaugra
02422,Jat Ned Special
02423,Dbrt   Ghy   Ra
02424,Ghy   Dbrt   Ra
02435,Ghy Ndls Ac Superfast
02448,Nzm Mkp Kurj Special
02456,Ndls Mao Ac Special
02503,Kyq Ndls Premiu
02504,Ndls Kyq Premiu
02509,Bnc Kyq Premium
02510,Kyq Bnc Premium
02511,Pune Kyq Special
02512,Kyq Pune Premiu
02517,Koaa Ghy Special
02518,Ghy Kol Special
02519,Pnbe Kyq Special
02520,Kyq Pnbe Special
02527,Anvt Premium Special
02530,Jat Gkp Premium
02533,Gkp Bdts Special
02534,Bdts Gkp Superfast Special
02552,Kyq  Ypr  Special
02636,Madgaon Express
02647,Ypr Ubl Express
02658,Tvc Bnc Premium
02677,Ypr Ubl Express
02679,Svdk Premium Express
02680,Svdk Ypr Premiu
02683,Ypr Vsg Superfast Express
02684,Vsg Ypr Express
02685,Ubl Pnbe Premiu
02686,Hubli  Premium
02687,Ypr Bgm Superfast Express
02701,Sc Cstm Premium
02702,Cstm Sc Premium
02709,Sc Garibrath Special
02710,Gdr Garibrathsp
02713,Adi Bza Superfast Special
02714,Bza Adi Superfast Special
02727,Vskp Sc Ac Special
02731,Tpty Sc Express
02737,Cct Sc Superfast Special
02738,Sc Cct Superfast Special
02739,Vskp Sc Ac Special
02740,Sc  Vskp Ac Special
02742,Sc Vskp Superfast Special
02760,Kcg Mas Superfast Special
02769,Tpty Sc Express
02770,Sc Tpty  Express
02773,Src  Sc Premium
02774,Src Premium Special
02776,Sc Cct  Superfast Special
02779,Vsg Sbc Link Express
02792,Pnbe Sc Premium
02802,Snsi Vskp Special
02837,Src Puri Premiu
02838,Puri Src Premiu
02841,Hwh Mas Premium
02842,Mas Hwh Premium
02850,Rjt Src Special
02863,Hwh Ypr Premium
02864,Ypr Hwh Premium
02869,Ltt Hwh Special
02870,Hwh Ltt Special
02872,Tpty Bbs  Superfast Special
02873,Vskp Tpty Special
02874,Tpty Vskp Superfast Special
02904,Bdts Ac S F Express
03001,Hwh Ajmer Special
03002,Aii Hwh Special
03016,Hw Hwh Special
03030,Rxl Hwh Special
03044,Rxl Hwh Special
03057,Hwh Ghy Special
03058,Ghy Hwh Special
03059,Njp Premium  Special
03060,Njp Hwh Premium
03063,Hwh Njp Special
03064,Njp Hwh Special
03065,Hwh Pnbe Special
03066,Pnbe Hwh Special
03067,Hwh Gkp Special
03072,Pnbe Hwh Special
03074,Pnbe Hwh Special
03101,Sdah Puri Special
03102,Puri Sdah Special
03116,Hw Koaa Superfast Special
03125,Koaa Anvtspecia
03126,Anvt Koaa Superfast Special
03129,Koaa Njp Special
03130,Njp Koaa Special
03131,Koaa Gkp Special
03132,Gkp Koaa  Special
03133,Koaa  Pnbe  Special
03134,Pnbe Koaa Special
03135,Koaa Gkp Special
03136,Gkp Koaa Special
03137,Koaa Aii Special
03138,Aii Koaa   Special
03159,Koaa  Pnbe  Special
03190,Anvt Sdah Superfast Special
03209,Pnbe Anvt Superfast Special
03211,Pnbe Dhn Special
03235,Sbg Dnr Special
03236,Dnr Sbg Special
03256,Ltt Patna Special
03281,Ntsk Rjpb Special
03287,Durg Pnbe Special
03288,Pnbe Hwh Special
03289,Mys Exam Special
03291,Pnbe Anvt Special
03303,Dhn Pnbe Special
03327,Dhn Smi Special
03328,Smi Dhn Special
03415,Sbg Anvt Special
03435,Bgp Pnbe Special
03436,Pnbe Bgp Special
03445,Mldt Rnc Special
03446,Rnc Mldt Special
03453,Bgp Gkp Special
03454,Gkp Bgp Special
03465,Hwh Mldt Special
03503,Asn Pnbe Special
03504,Pnbe Asn Special
03506,Pnbe Asn Special
03511,Asn Pnbe Special
03512,Pnbe Asn Special
03513,Asn  Jyg Special
03514,Jyg Asn  Special
03515,Puri Asn Special
03516,Asn Puri Special
03517,Asn Anvt Special
03518,Anvt Asn Special
03544,Rxl Asn Special
03555,Asn Mfp Special
03556,Mfp Asn Special
03557,Asn Pnbe Special
03558,Pnbe Asn Special
03560,Asansol Special
03562,Pnbe Asn Special
03571,Koaa Mfp Special
03572,Mfp Asn Special
03576,Pnbe Asn Special
03585,Koaa Jyg Special
03586,Jyg Asn Special
04001,Ald Dli Superfast Special
04003,Pnbe Ndls Special
04004,Pnbe Ac Special
04008,Ndls Hwh Special
04010,Bti Dee Special
04012,Ndls Snsi Superfast Special
04013,Nzm Premium Special
04014,Nzm Pune Premiu
04016,Nzm Snsi Special
04021,Bju Ndls Premiu
04024,Dbg Premium Special
04031,Dli Cdg Express
04032,Cdg Dli Express
04038,Jat Dli Special
04042,Aii Dli Superfast Special
04051,Anvt Uhp Special
04053,Anvt Ddn Ac Special
04054,Ddn Anvt Ac Special
04055,Ndls Uhp Special
04057,Dli Hw Special
04058,Hw Dli Express
04071,Dbg Ndls Special
04072,Ndls Dbg Splq
04092,Nzm Bct Ac Special
04095,Newdelhi Ac Express
04111,Ald Ndls Superfast Special
04112,Ndls Ald Superfast Special
04114,Uhp Ald Special
04115,Ald Ltt Special
04116,Ltt Ald Special
04117,Ald Anvt Special
04118,Anvt Ald Special
04119,Kumbha Mela Special
04120,Ald Hwh Special
04121,Ald Jat Ac Special
04122,Jat Ald Ac Special
04123,Kumbh Mela Special
04124,Ald R Special
04128,Ltt Ald Premium
04153,Cnb Cstm Special
04204,Dli  Bsb Special
04207,Lko Ndls Special
04208,Ndls Lko Special
04209,Bsb Uhp Express
04316,Hw Mfp Special
04401,Svdk Premium Special
04403,Anvt Uhp Special
04404,Uhp Anvt Special
04405,Ndls Premium Special
04406,Snsi Premium
04407,Nzm Premium Special
04408,Nzm Pune Premiu
04409,Dbg Dli Premium
04410,Dbg Premium Special
04411,Bju Ndls Premiu
04412,Ndls Bju Premiu
04413,Dli  Hsx Special
04414,Hsx Dli Special
04419,Lku Ndls Ac Express
04420,Ndls Lku Ac Special
04421,Ald Anvt Superfast Special
04422,Anvt Ald Superfast Special
04424,Ndls Ald Superfast Special
04434,Ndls Lko Special
04501,Lko Nldm Superfast Special
04502,Cdg Kir Special
04503,Bsb Cdg Special
04504,Cdg Bsb Special
04505,Bsb Cdg Special
04506,Cdg Bsb Special
04507,Cdg Fzr  Superfast Special
04512,Cdg Bdts Superfast Special
04513,Sbi Bahtinda Special
04514,Bti Sbi Special
04522,Umb Dli   Express
04551,Jp Nldm Special
04552,Nldm Jp Special
04602,Ned Premium Special
04701,Bkn  Udn Special
04702,Udn Bkn Ac Special
04704,Mtd Bkn Special
04721,Sgnr Ned Superfast Special
04722,Ned Sgnr  Superfast Express
04725,Bkn Dee S F Special
04731,Sgnr Bkn Special
04732,Bkn Sgnr Special
04733,Sgnr Jat Special
04734,Jat Sgnr Special
04735,Bkn Hw Special
04737,Bkn Bl Special
04738,Bl Bkn Ac Special
04739,Bkn Puri  Inaug
04740,Fzr Bkn Special
04741,Bkn Rtgh Special
04742,Rtgh Bkn Special
04751,Hmh Sgnr Special
04752,Sgnr Hmh Special
04801,Ju Jsmspl
04802,Jsm Ju Special
04803,Bgkt Adi Special
04804,Adi Bgkt Special
04805,Awr Krh Special
04806,Krh Awr Special
04811,Fl Dee Special
04822,Sdah Ju  Premiu
04823,Ju Hwh Superfast Special
04824,Hwh Ju  Special
04825,Ju Pune Superfast Special
04853,Dna Ju Special
04854,Ju Dna Special
04911,Bsb Cdg Special
04912,Cdg Bsb Special
04917,Sre Beas Special
04918,Beas Sre Special
04923,Lko Nldm Special
04924,Nldm Lko Special
04941,Lko Ndls Special
04942,Ndls Lko Special
04973,Bme Bti Special
05013,Kyq Ljn Special
05027,Gkp Anvt Special
05028,Anvt Gkp  Special
05029,Ljn Anvt Special
05031,Gkp Ltt Special
05032,Ltt Gkp Special
05035,Gkp Anvt Special
05036,Anvt Gkp Special
05038,Anvt Gkp  Special
05040,Anvt Gkp Special
05041,Gkp Ltt Special
05043,Gkp Jat Special
05044,Jat Gkp Special
05045,Ljn Lku Special
05046,Lku Ljn Special
05049,Gkp Anvt Special
05050,Anvt Gkp Special
05051,Gkp Anvt Special
05052,Anvt Gkp Special
05055,Rmr Cdg Special
05056,Cdg Rmr Special
05057,Gkp Anvt Special
05058,Anvt Gkp Special
05059,Ljn Lku Special
05060,Lku Ljn  Special
05065,Cpr Ljn Special
05066,Ljn Cpr Special
05104,Aii Cpr Special
05115,Cpr Ljn Special
05116,Ljn Cpr Special
05214,Anvt Dbg Special
05215,Dbg Umb Special
05216,Fzr Shc Special
05225,Koaa Mfp Special
05226,Mfp Koaa Special
05231,Bju Mfp Special
05232,Mfp Bju Special
05286,Aii Bju Special
05287,Dbg Ypr Exam Special
05311,Ljn Rmr Special
05312,Rmr Ljn Special
05592,Ngp Dbg Exam Special
05605,Mxn Dbrg Express Special
05606,Dbrg Mxn Express Special
05609,Ghy Gkp Special
05612,Kyq Ltt Special
05620,Kyq Ndls Special
05643,Koaa Kyq Special
05644,Kyq Koaa Special
05646,Kyq Ltt Special
05653,Ghy Bsb Special
05667,Kyq Dbrg Special
05668,Dbrg Kyq Special
05697,Hill Queen Express
05698,Hill Queen Express
05710,Njp Hwh Special
05711,Apdj Aii Special
05712,Aii Apdj Special
05735,Kir Dkgn Special
05736,Dkgn Kir Special
05817,Apdj Dbb Special
05818,Dbb Apdj Special
05905,Dibrugarh Express
05906,Dbrg Vlnk Special
05917,Dbb Dbrg Special
05918,Dbrg Dbb Special
05942,Dbrg  Koaa Special
05967,Rny Dbrg Special
05969,Ghy Dbrg Special
05970,Dbrg Ghy Special
06001,Madgaon Express
06002,Mao Mas Special
06003,Madgaon  Express
06004,Chennai Express
06005,Mas Ncj Express
06007,Tuticorin Express
06008,Chennai Express
06009,Coimbatore Express
06010,Rmm Mas Express
06011,Kochuveli Express
06012,Chennai Express
06013,Bikaner Express
06014,Bkn Ms Special
06015,Mangalore Express
06016,Chennai Express
06017,Nagercoil Express
06018,Chennai Express
06019,Mas Rmm Express
06020,Rmm Mas Express
06027,Mas Garibrath S
06028,Pune Gr  Express
06029,Bangalore Express
06030,Sbc Mas Express
06032,Rgd Mas Special
06035,Tuticorin Express
06036,Chennai Express
06037,Coimbatore Express
06039,Coimbatore Express
06040,Chennai Express
06042,Chennai Express
06055,Ernakulum  Express
06056,Chennai Express
06057,Tiruchi Express
06058,Chennai Express
06060,Chennai   Express
06061,Ms Tpj Superfast Express
06062,Chennai Express
06063,Mas Srr Superfast Express
06064,Srr Mas Superfast Express
06081,Kochuveli Express
06082,Chennai Express
06083,Nagercoil Express
06084,Chennai Express
06101,Rameshwarm Express
06135,Mtp Onr Passenger
06136,Onr Mtp Passenger
06193,Sengottai Express
06194,Manamadurai Express
06228,Mysore Express
06301,Trivandrum  Express
06302,Tvc Vlnk Express
06303,Nagercoil Express
06304,Mangalore Express
06305,Tvc Hyb Express
06306,Hyb Mas Superfast Special
06309,Nagercoil  Express
06310,Chennai Express
06313,Kochuveli Express
06314,Bangalore Express
06318,Santragachi Express
06335,Ghy Kcvl Special
06338,Chennai Express
06345,Ernakulum Express
06348,Chennai  Express
06351,Ms Ncj Express
06352,Ncj Ms Express
06354,Ncj Pnbe Express
06513,Sbc  Pnbe Express
06514,Bangalore Special
06516,Bangalore Express
06519,Ypr Mrj Express
06520,Mrj Ypr Special
06521,Ypr Tpj Express
06522,Yesvantpur Express
06529,Ypr Jp Express
06530,Jp Ypr Special
06536,Yeswantpur Express
06543,Ypr  Ers Express
06549,Ersgaribrath
06550,Yesvantpur Express
06552,Sur Ypr Special
06553,Solapur Express
06567,Hubli Express
06569,Nagpur Express
06570,Ngp Bnc Special
06571,Tiruchchiexp
06578,Vsg Ypr Express
06589,Ypr Mrj Express
06590,Bangalore Express
06597,Yesvantpur Express
06599,Yesvantpur Express
06603,Coimbatore Express
06606,Chennai Express
06615,Coimbatore Express
06616,Chennai  Superfast Express
06617,Nagercoil Express
06618,Coimbatore Express
06624,Chennai Express
06625,Mas Cbe Express
06627,Cgl Cbe Express
06629,Cgl Cbe Express
06630,Cbe Cgl Express
06631,Cgl Cbe Express
06632,Cbe Cgl Express
06633,Trichy Express
06634,Coimbatore Express
06635,Cbe Tpj Express
06636,Coimbatore Express
06715,Ten  Express
06716,Ten Ms Express
06745,Tirunelveli Express
06747,Nagercoil  Express
06748,Chennai Express
06751,Tirunelveli Express
06752,Ten Chennai Express
06802,Pune Tpj Special
06805,Snsi Tpj Special
06861,Pdy Cape Express
06862,Puducherry Express
06948,Ubl Vsg Link Express
07001,Hyb Cct Special
07007,Sc Dbg   Special
07011,Hyb Bpa  Special
07018,Sc Adi Premium
07020,Hyb Aii Special
07021,Hyb Jat Special
07028,Hyb  Vskp Special
07037,Ned Bkn Special
07038,Bkn Ned Special
07049,Mtm Sc Special
07050,Sc Mtm Special
07091,Hyb  Ald Special
07092,Ald  Hyb  Special
07101,Sc  Cct Special
07102,Cct  Sc  Superfast  Special
07105,Hyb Qln Special
07107,Hyb Qln   Special
07108,Hyderabad Express
07109,Hyb Qln Special
07111,Skzr Qln Special
07112,Qln Sc Express
07113,Krmr Qln Special
07115,Hyb Qln Special
07116,Kacheguda  Express
07117,Sc  Nlr Special
07118,Nlr Sc Special
07119,Sc Nsl Special
07120,Nsl Sc  Special
07121,Sc Nlr Special
07125,Hyb Jp Special
07126,Aii Hyb Special
07128,Hyb Shm Special
07129,Kcg Jp Special
07130,Aii Kcg Special
07137,Hyb Fzr   Special
07143,Hyb Kop Special
07145,Kcg Tpty Special
07146,Tpty Kcg Special
07147,Vskp Sc Special
07151,Kzj Ned Express
07165,Hyderabad Express
07166,Hyb Qln Special
07201,Cct  Sc Superfast  Special
07202,Sc Cct Superfast Special
07203,Sc Bza Special
07204,Bza Sc Special
07205,Nsl Cct Special
07207,Bza Sc Special
07208,Sc Bza Special
07209,Bza Sc Special
07210,Sc Bza Special
07211,Cct Qln  Special
07212,Kakinadatown Express
07213,Bza Qln  Special
07214,Qln Bza Express
07217,Ns Qln Special
07218,Narsapur Express
07219,Bza Qln Special
07220,Vijayawada Express
07224,Nlr Kranti Special
07227,Ogl Jp Special
07229,Gnt Tpty Special
07230,Tpty Gnt Special
07239,Cct  Ald Special
07240,Ald Cct Special
07249,Sc Ghy Special
07255,Ns Sc Special
07301,Talguppa Express
07305,Nizamuddin Express
07315,Velankanni Express
07316,Vlnk Vsg Express
07318,Ltt Hubli Special
07320,Sc  Ubl Special
07323,Vsg Vlnk Express
07324,Vlnk Vsg Express
07325,Vsg Vlnk Express
07326,Vlnk Vsg Express
07327,Bgm Ubl
07328,Ubl Bgm Express
07338,Cct Kcg Special
07405,Awb Tpty Special
07406,Tpty Awb Special
07407,Tpty Adb Special
07408,Ned Bkn Special
07410,Tpty Awb Special
07429,Hyb Ru Special
07430,Ru Hyb Special
07490,Ru Gkp Special
07501,Ned Pvr Special
07502,Pvr Nanded Special
07503,Awb Tpty Special
07504,Tpty  Awb Special
07505,Awb Qln Special
07506,Tirupathi Express
07507,Ak Qln Special
07509,Adb Qln Special
07511,Ned Ald Special
07512,Ald Ned Special
07513,Ned Ald Special
07514,Ald Ned Special
07605,Maq Kcg Express
07606,Kcg Maq Special
07609,Ned St Special
07610,St Nanded Special
07613,Nzb Qln Special
07614,Nizamabad Express
07619,Kranti Bpl Special
07620,Bpl Kranti Special
07629,Ned Pune Special
07630,Pune Nanded Special
07631,Ned Pune Special
07686,Kacheguda Express
08001,Kgp Jgm  Special Express
08002,Jgm Kgp Special Express
08004,Mys Howrah Express
08007,Src Puri Special
08008,Puri Src Special
08009,Src Puri Special
08010,Puri Src Special
08011,Src Puri Special
08012,Puri Src Special
08013,Src Puri Special
08014,Puri Src Special
08033,Src Anvt Special
08041,Src Mas Superfast Special
08042,Mas Src Express
08047,Hte Ypr Exam Special
08048,Ypr Hatia Express
08050,Rjt Src Special
08060,Src   Ltt Superfast Special
08103,Tata Bgp Special
08104,Bgp Tata Special
08181,Tata Cpr Special
08182,Cpr Tata Special
08201,Src Durg Special
08202,Durg Src Special
08214,Jp Durg Special
08244,Bgkt Bsp Special
08245,Bsp Bkn Special
08246,Bkn Bsp Special
08293,Bsp Pnbe Special
08294,Pnbe Bsp Special
08297,G Src Special
08298,Pnbe Durg Special
08301,Sbp Ypr Special
08401,Puri Src Special
08402,Src Puri  Special
08409,Src  Puri  Special
08410,Puri Src Special
08449,Bbs Pnbe Special
08450,Pnbe Bbs Special
08463,Ckp Bbs Special
08464,Bbs Rou Special
08465,Rou Puri Special
08466,Puri Rou Special
08470,Puri Garib Rath
08472,Tpty Bbs Special
08473,Puri Src Special
08474,Src Puri Special
08501,Vskp Sc Special
08502,Sc Vskp Special
08503,Vskp Sc Special
08504,Sc Vskp Special
08505,Vskp Sc Special
08506,Sc Vskp Special
08509,Vskp Ned Special
08510,Ned Vskp Special
08511,Vskp Sc Special
08512,Sc  Vskp Special
08513,Vskp Vkb Special
08514,Vkb   Vskp Special
08515,Tata Vskp Special
08516,Vskp Tata Special
08561,Vskp Ru Special
08562,Ru  Vskp Special
08563,Vskp Hyb Special
08564,Hyb  Vskp Special
08565,Vskp Nzb Special
08566,Nzb Vskp Special
08567,Vskp Snsi  Special
08568,Snsi Vskp Special
08569,Vskp Qln Special
08575,Vskp Ald Special
08576,Ald Vskp Special
08611,Ngp Hatia Special
08612,Hte Ngp Special
08623,Pnbe Rnc Special
08625,Shc Rnc Special
08631,Rnc Kir Special
08637,Hte Ypr Special
08795,R Krba  Superfast Special
08796,Krba R Superfast Special
08891,G Sc Superfast Special
08892,Sc  G Superfast Special
08897,G Shm Special
09003,Bct Ndls Premiu
09004,Ndls Bct Superfast Express
09005,Ndls Ac Superfast Special
09006,Ndls Bct Ac Special
09007,Bct Bikaner Special
09008,Bkn Bdts Special
09009,Bdts Madgaon Special
09010,Mao Bdts Special
09011,Bdts Pnbe Special
09012,Pnbe Bdts Special
09013,Lucknow Premium
09014,Ljn Bdts Premiu
09015,St Ald Special
09016,Ald St Special
09017,Bct Adi Ac Special
09018,Adi Bct Ac Special
09019,Bdts Ju Special
09020,Ju Bdts Special
09021,Katra Premium
09022,Svdk Bdts Prmiu
09024,Bhuj Bdts Special
09025,Jaipur Special
09026,Jp Bdts Special
09027,Bdts Adi Special
09029,Bdts Indore Special
09034,Jp Bdts Special
09043,Jaipur Premium
09044,Jp Bdts Special
09049,Udn Ami Passenger Special
09050,Ami Udn Passenger Special
09052,St Premium Special
09053,Bl  Jodhpur Special
09054,Bgkt Bct Special
09055,St Pnbe Premium
09056,Pnbe St Premium
09057,Bl Vadodara Special
09063,Bdts Jsm Express
09222,Sc Pbr Special
09252,Somnath Express
09303,Chandigarh Special
09304,Cdg Indb Special
09305,Indb Patna P Superfast
09306,Pnbe Indb Premi
09309,Indb Sealdah Special
09310,Sdah Indb Special
09311,Indb Ajmer Special
09312,Aii Indb Special
09313,Allahabad Special
09314,Ald Indb Special
09411,Adi Patna Special
09412,Pnbe Adi Special
09413,Adi Lucknow Special
09414,Lko  Adi Special
09415,Mao Adi Special
09417,Adi Dee Premium
09419,Ahmedabad Express
09420,Adi Majn Superfast Special
09421,Adi Bme Ac Special
09422,Svdk Adi Premiu
09425,Adi Jaipur Special
09426,Jp Adi Special
09427,Adi Ald Special
09428,Ald Adi Special
09429,Allahabad Special
09430,Ald Adi Special
09451,Gandhidham Special
09452,Mumbai Special
09455,Gimb Indore Special
09456,Gandhidham Special
09457,Brc Bhuj Special
09458,Bhuj Brc Special
09533,Mao  Hapa Special
09534,Madgaon  Superfast Special
09535,Hapa Bsp Superfast Special
09536,Bsp Hapa  Special
09563,Okha Jaipur Special
09564,Jp Okha Special
09568,Rjt Brc Superfast Special
09571,Rajkot Rewa Special
09572,Rewa Rjt Special
09579,Rjt Dee Express
09601,Aii Beas Special
09602,Aii Beas Special
09607,Ndt Udz Special
09608,Udz Ndt Special
09609,Aii St Special
09610,St Aii Special
09611,Aii Bdts Special
09612,Af Aii Special
09614,Ju Aii Urs Special
09615,Aii Ju Special
09616,Ju Aii Special
09618,Ju Aii Special
09619,Aii Bdts Urs Special
09620,Bdts Aii Urs Special
09621,Aii Jp Intercity
09622,Jp Aii Intercity
09625,Aii Jp Superfast Special
09626,Jp Aii Superfast Special
09640,Aii Hw Special
09643,Jp Bdts Urs Special
09649,Aii Adi Special
09650,Ajmer Special
09703,Jp Hwh Special
09704,Ypr Jp Express
09713,Jp Sur Special
09714,Sur Jaipur Special
09715,Jp Sur Special
09718,Durg Jp Special
09719,Jp Aii Express
09720,Aii Jp Express
09721,Jp Udz Superfast Special
09722,Udz Jp Superfast Special
09726,Duronto Special
09727,Jp Koaa Premium
09728,Indb Jp Superfast Special
09731,Jp Bdts Special
09732,Bdts Jp Special
09733,Hmh Kota Special
09734,Kota Hmh Special
09741,Re Dee Special
09742,Dee Re Special
09769,Jp Fl Passenger Special
09770,Fl Jp Passenger Special
09801,Kota Udz Special
09802,Udz Kota Special
09806,Uhp Kota Special
09809,Kota Nzm Superfast Special
09810,Nzm Kota Special
10001,Satpura Express
10002,Satpura Express
10103,Mandovi Express
10104,Mandovi Express
10111,Konkan Kanya Express
10112,Konkan Kanya Express
10215,Madgaon Ers Express
10216,Madgaon Express
11001,Snsi Pvr Express
11002,Pvr Snsi Express
11003,Rajya Rani Express
11004,Rajya Rani Express
11005,Puducherry Express
11006,Chalukya  Express
11007,Deccan Express
11008,Deccan Express
11009,Sinhagad Express
11010,Sinhagad Express
11011,Ltt Nanded Express
11012,Ned Ltt Express
11013,Coimbatore Express
11014,Lokmanya Tt Express
11015,Kushinagar Express
11016,Kushinagar Express
11017,Ltt Karaikal Express
11018,Kik Ltt Express
11019,Konark Express
11020,Konark Express
11021,Tirunelveli Express
11022,Chalukya  Express
11023,Sahyadri Express
11024,Sahyadri Express
11025,Bsl Pune Express
11026,Pune Bsl Express
11027,Chennai Mail
11028,Mumbai Mail
11029,Koyna Express
11030,Koyna Express
11033,Darbhanga Express
11034,Dbg Pune Express
11035,Sharavathi Express
11036,Sharavati  Express
11037,Pa Gorakhpur Express
11038,Gkp Pune Express
11039,Maharashtra Express
11040,Maharashtra Express
11041,Cstm Chennai Express
11042,Mumbai Express
11043,Madurai Express
11044,Lokamanya Tt Express
11045,Dikshabhoomi Express
11046,Dikshabhumi Express
11047,Miraj Ubl Express
11048,Ubl Mrj Express
11049,Kolhapur Express
11050,Ahmedabad Express
11051,Sur Kop Express
11052,Kop Solapur Express
11053,Ltt Azamgarh Express
11054,Amh Ltt Express
11055,Godan Express
11056,Godan Express
11057,Amritsar Express
11058,Asr Ltt Express
11059,Chhapra Express
11060,Cpr Ltt Express
11061,Muzaffarpur Express
11062,Mfp Ltt Express
11063,Ms Salem Express
11064,Sa Chennai Express
11065,Darbhanga  Express
11066,Dbg Ltt Express
11067,Saket Express
11068,Saket Express
11069,Tulsi Express
11070,Tulsi Express
11071,Kamayani Express
11072,Kamayani Express
11073,Ltt Chennai  Express
11074,Chennai Ltt Express
11075,Ltt Bidr Express
11076,Bidr Ltt Express
11077,Jhelum Express
11078,Jhelum Express
11079,Ltt Gkp Express
11080,Gkp Ltt Express
11081,Ltt Gkp Express
11082,Gkp Ltt Express
11085,Mao Doubledeckr
11086,Ltt Doubledecker
11087,Veraval Pune Express
11088,Pune Veraval Express
11089,Bgktpune Express
11090,Pune Bgkt Express
11091,Bhuj Pune Express
11092,Pune Bhuj Express
11093,Mahanagari Express
11094,Mahanagari Express
11095,Ahimsa Express
11096,Ahimsa Express
11097,Poorna Express
11098,Poorna Express
11101,Pune Gwalior Express
11102,Gwl Pune Express
11103,Jhs Bdts Express
11104,Bdts Jhansi Express
11105,Pratham S S Express
11106,Pratham S Sngrm
11107,Bundelkhand Express
11108,Bundelkhand Express
11109,Jhs Ljn  Intercity Express
11110,Ljn Jhs Intercity Express
11111,Gd Sushasan Express
11112,Gwl Sushasan Express
11123,Bju Gwl Mail
11124,Gwl Bju Mail
11125,Ind Gwaliar Express
11126,Gwl Indb Express
11201,Ltt Ajni Express
11202,Ajni Ltt Express
11203,Ngp Jaipur Express
11204,Jp Ngp Express
11205,Ltt Nzb Express
11206,Nzb  Ltt Express
11207,Ngp Rewa Express
11208,Rewa Nagpur Express
11265,Ambikapur Express
11266,Abkp Jbp Express
11271,Vindhyachal Express
11272,Vindhyachal Express
11301,Udyan Express
11302,Udyan Express
11303,Hyb Kop Express
11304,Kop Hyb Express
11305,Cstm Solapur Express
11306,Solapur Cstm Express
11401,Nandigram  Express
11402,Nandigram  Express
11403,Ngp Kop Express
11404,Kop Nagpur Express
11405,Pune Ami Express
11406,Ami Pune Express
11407,Pune Ljn Express
11408,Ljn Pune Express
11423,Sur Hubli Express
11424,Solapur Express
11447,Shaktipunj Express
11448,Shaktipunj Express
11449,Jammutawi Express
11450,Jat  Jbp Express
11451,Intercity Express
11452,Intercity Express
11453,Prerana Express
11454,Prerana Express
11463,Smnh Jbp Express
11464,Jbp Somnath Express
11465,Smnh Jbp Express
11466,Jbp Somnath Express
11471,Indb Jbp Express
11472,Jbp Indb Express
11651,Sgrl  Intercity
11652,Jbp Intercity E
11701,Indb Intercity
11702,Jbp Intercity
11703,Rewa Indb Express
11704,Rewa Express
12001,Ndls Shatabdi E
12002,Bhopal Shatabdi
12003,Ljn Swran Shtbd
12004,Ljn Swran Shtbd
12005,Kalka Shatabdi
12006,Kalka Shatabdi
12007,Shatabdi Express
12008,Shatabdi Express
12009,Shatabdi Express
12010,Shatabdi Express
12011,Kalka Shatabdi
12012,Kalka Shatabdi
12013,Amritsar Shatabdi
12014,Amritsar Shatabdi
12015,Ajmer Shatabdi
12016,Ajmer Shatabdi
12017,Dehradun Shatabdi
12018,Dehradun Shatabdi
12019,Shatabdi Express
12020,Shatabdi Express
12021,Bbn Janshatabdi
12022,Bbn Janshatabdi
12023,Janshatabdi Express
12024,Janshatabdi Express
12025,Shatabdi Express
12026,Pune Shatabdi
12027,Shatabdi Express
12028,Shatabdi Express
12029,Swarna Shatabdi
12030,Swarna Shatabdi
12031,Amritsar Shatabdi
12032,Amritsar Shatabdi
12033,Cnb Ndls Shatabdi
12034,Ndls Cnb Shatabdi
12035,Jp Af Shatabdi
12036,Af Jp Shatabdi
12037,Ndls Ldh Shatabdi
12038,Ldh Ndls Shatabdi
12039,Kgm Anvt Shatabdi
12040,Anvt Kgm Shatabdi
12041,Shatabdi Express
12042,Njp Hwh Shatabd
12043,Ndls Moga Shatabdi
12044,Ndls Shatabdi
12045,Ndls Cdg Shatabdi
12046,Cdg Ndls Shatabdi
12047,Ndls Bti Shatabdi
12048,Bti Ndls Shatabdi
12049,Gatimaan Express
12050,Gatimaan Express
12051,Jan Shatabdi Express
12052,Jan Shatabdi Express
12053,Hw Asr Jnshtbdi
12054,Asr Hw Jnshtbdi
12055,Ddn Janshtbdi
12056,Ndls Janshatabd
12057,Uhl Janshatabdi
12058,Ndls Janshtbdi
12059,Nzm Jan Shatabd
12060,Kota Janshtbdi
12061,Jbp Janshatabdi
12062,Hbj Janshatabdi
12063,Hw Uhl Link Jsh
12064,Uhl Hw Link Jsh
12065,Nzm Jan Shatabd
12066,Aii Jan Shatabd
12067,Jan Shatabdi Express
12068,Jan Shatabdi Express
12069,Janshatabdi Express
12070,Janshatabdi Express
12071,Jan Shatabdi Express
12072,Janshatabdi Express
12073,Bbs Jan Shatabd
12074,Bbs Jan Shatabd
12075,Jan Shatabdi
12076,Jan Shatabdi
12077,Jan Shatabdi
12078,Jan Shatabdi
12079,Janshatabdi Express
12080,Jan Shatabdi Express
12081,Jan Shatabdi
12082,Jan Shatabdi
12083,Jan Shatabdi Express
12084,Jan Shatabdi Express
12101,Junction Aneswari Delx
12102,Junction Aneswarisupdl
12103,Pa Lucknow Express
12104,Ljn Pune Express
12105,Vidarbha Express
12106,Vidarbha Express
12107,Lucknow Superfast Express
12108,Ljn Ltt Express
12109,Panchavati Express
12110,Panchavti Express
12111,Cstm Amravati E
12112,Amravati Cstm E
12113,Nagpur Garibrat
12114,Pune Garibrath
12115,Siddheshwar Express
12116,Siddheswar Express
12117,Ltt Manmad Express
12118,Manmad Ltt Express
12119,Ami Ajni Express
12120,Ajni Ami Express
12121,M P Sampark Kranti
12122,M P Sampark Kranti
12123,Deccan Queen
12124,Deccan Queen
12125,Pragati Express
12126,Pragati Express
12127,Intercity Express
12128,Intercity Express
12129,Azad Hind Express
12130,Azad Hind Express
12131,Dr Sainagar Express
12132,Sainagar Dr Express
12133,Mangalore Express
12134,Mumbai Express
12135,Pune Nagpur Express
12136,Nagpur Pune Express
12137,Punjab Mail
12138,Punjab Mail
12139,Sewagram  Express
12140,Sewagram  Express
12141,Rajendra Ngr Express
12142,Rjpb Cstm Express
12143,Ltt Sln Superfast Express
12144,Sln  Ltt  Superfast Special
12145,Ltt Puri Superfast Express
12146,Puri Ltt Superfast Express
12147,Nizamuddin Express
12148,Nzm Kop Express
12149,Pune Patna Express
12150,Pnbe Pune Express
12151,Samarsata Express
12152,Samarsata Express
12153,Habibganj Express
12154,Hbj Ltt Superfast Express
12155,Bhopal  Express
12156,Bhopal  Express
12157,Hutatma Express
12158,Hutatma Express
12159,Ami Jbp Superfast Express
12160,Jbp Ami Superfast Express
12161,Lashkar Express
12162,Lashkar Express
12163,Chennai Express
12164,Chennai Express
12165,Ltt Bsb Superfast Express
12166,Bsb Ltt Superfast Express
12167,Ltt Bsb Superfast Express
12168,Bsb Ltt Superfast Express
12169,Sur Intercity
12170,Pune Intercity
12171,Ltt Hw Ac Superfast
12172,Hw Ltt Ac Superfast
12173,Udyog Nagri Express
12174,Udyog Nagri Express
12175,Chambal Express
12176,Chambal Express
12177,Chambal Express
12178,Chambal Express
12179,Ljn Agc Intercity
12180,Ljn  Intercity
12181,Dayodaya Express
12182,Dayodaya Express
12183,Bpl Pbh Superfast Express
12184,Pbh Bpl Express
12185,Rewanchal Express
12186,Rewanchal Express
12187,Mumbai Garibrat
12188,Jbp Garib Rath
12189,Mahakaushal Express
12190,Mahakoshal Express
12191,Ndls Jbp Superfast Express
12192,Jbp Ndls Superfast Express
12193,Ypr Jbp Express
12194,Jbp Ypr Superfast Express
12195,Af Aii Intercity
12196,Aii Af Intercity
12197,Gwl Intercity
12198,Bpl Intercity
12201,Kcvl Garib Rath
12202,Ltt Garib Rath
12203,Garib Rath Express
12204,Shc Garib Rath
12205,Nanda Devi Express
12206,Nanda Devi Express
12207,Jammu Garib Rat
12208,Kgm Garib Rath
12209,Kgm Garib Rath
12210,Cnb Garib Rath
12211,Anvt Garib Rath
12212,Mfp Garib Rath
12213,Duronto Express
12214,Ypr Duronto Express
12215,Dee Bdts G Rath
12216,Dee Garibrath
12217,Sampark Kranthi
12218,Kerla S Kranti
12219,Sc Duronto Express
12220,Duronto Ac Express
12221,Howrah Duronto
12222,Hwh Pune Duront
12223,Ltt Ers Duronto
12224,Ers Ltt Duronto
12225,Kaifiyat Express
12226,Kaifiyat Express
12227,Indore Duronto
12228,Mumbai Duronto
12229,Lucknow Mail
12230,Lucknow Mail
12231,Lko Cdg Express
12232,Cdg Lko Express
12233,Lko Ndls Ac Express
12234,Ndls Lko Ac Express
12235,Dbrg Ndls Rajex
12236,Ndls Dbrg Rajdhani
12237,Begampura Express
12238,Begampura Express
12239,Jaipur Duronto
12240,Jp Bct Duronto
12241,Cdg Asr Superfast
12242,Asr Cdg Superfast
12243,Shatabdi Express
12244,Shatabdi Express
12245,Hwh Ypr Duronto
12246,Duronto Express
12247,Bdts Nzm Yuva E
12248,Nzm  Bdts  Yuva
12249,Hwh Ndls Yuva E
12250,Ndls Hwh Yuva
12251,Wainganga Express
12252,Wainganga Express
12253,Anga Express
12254,Anga Express
12256,Yesvantpur Express
12257,Kochuveli Gr
12258,Yesvantpur Express
12259,Ndls  Duronto
12260,Sdah Duronto Express
12261,Howrah Duronto
12262,Hwh Cstm Duront
12263,Nzm Duronto Express
12264,Pune Duronto Express
12265,Dee Jat Duronto
12266,Duronto Express
12267,Adi Duronto Express
12268,Bct Duronto Express
12269,Duronto Express
12270,Mas Duronto Express
12271,Ndls Duronto Express
12272,Lko Duronto Express
12273,Ndls   Duronto
12274,Hwh Duronto Express
12275,Ndls Duronto Express
12276,Ald Duronto Express
12277,Satabdi Express
12278,Satabdi Express
12279,Taj Express
12280,Taj Express
12281,Bbs Duronto Express
12282,Bbs Duronto Express
12283,Ers Nzm Duronto
12284,Nzm Ers Duronto
12285,Nzm Duronto  Express
12286,Nzm Sc Duronto
12288,Ddn Kcvl Superfast Express
12289,Nagpur Duronto
12290,Ngp Cstm Duront
12291,Ypr Chennai Express
12292,Yesvantpur Express
12293,Ald Duronto Express
12294,Ald Ltt Duronto
12295,Sanghamitra Express
12296,Sangha Mitra Express
12297,Pune Duronto
12298,Adi Duronto Express
12301,Kolkata Rajdhni
12302,Kolkata Rajdhani
12303,Poorva Express
12304,Poorva Express
12305,Kolkata Rajdhani
12306,Kolkata  Rajdhani
12307,Hwh Ju  Express
12308,Ju Hwh Supfast
12309,Rjpb Rajdhani
12310,Rjpb Rajdhani
12311,Hwh Dli Klk Mai
12312,Kalka Mail
12313,Sdah Rajdhaniex
12314,Sealdah Rjdhani
12315,Annanya  Express
12316,Ananya Express
12317,Akal Takht Express
12318,Akal Takhat Express
12319,Koaa Agc Express
12320,Agc Koaa Express
12321,Hwh Mumbai Mail
12322,Kolkata Mail
12323,Hwh Ndls Express
12324,Ndls Hwh Express
12325,Koaa Nldm Express
12326,Nldm Koaa Express
12327,Upasana Express
12328,Upasana Express
12329,W B Sampark Kranti
12330,W B Sampark Kranti
12331,Himgiri Express
12332,Himgiri Express
12333,Vibhuti Express
12334,Vibhuti Express
12335,Bgp Ltt Express
12336,Bhagalpur Express
12337,Santinikatanexp
12338,Santiniketanexp
12339,Coal Field Express
12340,Coalfield Express
12341,Agnibina Express
12342,Agnibina Express
12343,Darjeeling Mail
12344,Darjeeling Mail
12345,Saraighat Express
12346,Saraighat Express
12347,Rampurhat Express
12348,Rampurhat Express
12349,Bgp Ndls Express
12350,Ndls Bgp Express
12351,Danapur Express
12352,Danapur Hwh Express
12353,Hwh Lku Express
12354,Lku Hwh Express
12355,Archna Express
12356,Archana Express
12357,Durgiana Express
12358,Asr Koaa Superfast Express
12359,Pnbe Garib Rath
12360,Kol Garib Rath
12361,Asn Cstm Express
12362,Cstm Asansol Express
12363,Koaa Hdb Supf E
12364,Hdb Koaa Superfast Express
12365,Rnc Janshatabdi
12366,Pnbe Janshatabd
12367,Vikramshila Express
12368,Vikramshila Express
12369,Kumbha Express
12370,Hw Hwh S F Express
12371,Hwh Jsm Express
12372,Jsm Hwh Superfast Express
12373,Sdah Rph Intrct
12374,Rph Sdah Intrct
12375,Mas Asn Express
12376,Asn Mas Express
12377,Padatik Express
12378,Padatik Express
12379,Jalianwalab Express
12380,Jalianwala B Express
12381,Poorva Express
12382,Poorva Express
12383,Intercity  Express
12384,Intercity  Express
12386,Dhn Hwh D D Express
12389,Gaya Ms Express
12390,Ms Gaya Express
12391,Shramjeevi Express
12392,Shramjevi N Express
12393,S Kranti Superfast Express
12394,Sampoorn K Express
12395,Ziyarat Express
12396,Ziyarat Express
12397,Mahabodhi Express
12398,Mahabodhi Express
12401,Magadh Express
12402,Magadh Express
12403,Ald Jp Express
12404,Jp  Ald Express
12405,Gondwana Express
12406,Gondwana Express
12409,Gondwana Express
12410,Gondwana Express
12411,Intercity Express
12412,Intercity Express
12413,Aii Jat Express
12414,Jammu Aii Express
12415,Nizamuddin Express
12416,Intercity  Express
12417,Prayag Raj Express
12418,Prayag Raj Express
12419,Gomti Express
12420,Gomti Express
12421,Ned Asr Superfast Express
12422,Asr Ned Superfast Express
12423,Dbrt Rajdhani E
12424,Dbrt Rajdhani
12425,Jammu Rajdhani
12426,Jammu Rajdhani
12427,Rewa Anvt Express
12428,Anvt Rewa Express
12429,Lko Ndls Raj
12430,Ndls Lko Raj
12431,Rajdhani Express
12432,Trivndrm Rajdhani
12433,Rajdhani Express
12434,Chennai Rajdhni
12435,Dbrt Rajdhani E
12436,Ndls Dbrt Rajdhani
12437,Rajdhani Express
12438,Nzm Sc Rajdhani
12439,Rnc Ndls Raj Express
12440,Ndls Rnc Raj Express
12441,Bsp Ndls Raj Express
12442,Bilaspur Rajdhani
12443,Hlz Anvt Wkly S
12444,Anvt Hlz S F Express
12445,Uttar S Kranti
12446,Uttar S Kranti
12447,U P Sampark Kranti
12448,U P Sampark Kranti
12449,Goa Sampark K Express
12450,Goa Sampark K Express
12451,Shram Shkti Express
12452,Shram Shkti Express
12453,Rnc Ndls Raj Express
12454,Ndls Rnc Rajdhani
12455,Dee Bkn Superfast Express
12456,Bkn Dee Superfast Express
12457,Dee Bkn  S F Express
12458,Bkn Dee S F Express
12459,Ndlsasr Express
12460,Asr Ndls Express
12461,Mandor Express
12462,Mandor Express
12463,Rajsthn S Krant
12464,Rjsthn S Kranti
12465,Ranthambore Express
12466,Intercity Express
12467,Bkn Jp Intercity
12468,Jp Bkn Intercity
12469,Cnb Jat Express
12470,Jat Cnb Express
12471,Swaraj Express
12472,Swaraj Express
12473,Sarvodaya Express
12474,Sarvodaya Express
12475,Hapa Jat Express
12476,Jat Hapa Express
12477,Jam Jat Express
12478,Jat Jamnagr Express
12479,Surya Nagri Express
12480,Suryanagari Express
12481,Intercity Express
12482,Intercity Express
12483,Amritsar Express
12484,Asr Kcvl Express
12485,Ned Sgnr Express
12486,Sgnr Ned Express
12487,Seemanchal Express
12488,Seemanchal Express
12489,Bkn Ddr Superfast Express
12490,Ddr Bikaner Express
12491,Mour Dhwaj Express
12492,Maur Dhawaj Express
12493,Rajdhani Express
12494,Banglore Rajdhn
12495,Bkn Koaa Superfast Express
12496,Pratap Express
12497,Shane Punjab
12498,Shane Punjab
12501,Porvotr S Kranti
12502,Porvotr S Kranti
12505,North East Express
12506,North East Express
12507,Guwahati Express
12508,Ghy Tvc Express
12509,Guwahati Express
12510,Ghy Sbc Express
12511,Rapti Sagar Express
12512,Raptisagar Express
12513,Sc Ghy Express
12514,Ghy Sc Express
12515,Guwahati Express
12516,Ghy Tvc Express
12517,Ghy Garib Rath
12518,Kol Garib Rath
12519,Ltt Kyq Ac Express
12520,Kyq Ltt Ac Express
12521,Rapti Sagar Express
12522,Raptisagar Express
12523,Njp Ndls Express
12524,Ndls Njp Superfast Express
12525,Koaa Dbrg Express
12526,Dbrg Koaa Express
12527,Cstm Latur Express
12528,Latur Cstm Express
12529,Intercity Express
12530,Intercity Express
12531,Ljn Intercity
12532,Gkp Intercity
12533,Pushpak Express
12534,Pushpak Express
12535,Ljn R Garibrath
12536,Ljn Garibrath
12537,Manduadih Express
12538,Muv Mfp Express
12539,Ypr Lucknow Express
12540,Lko Ypr Superfast Express
12541,Gkp Ltt Superfast Express
12542,Ltt Gkp Superfast Express
12543,Tirupathi Express
12544,Tpty Ypr Express
12547,Af Adi Superfast Express
12548,Agra Super Fast
12549,Durg Jat Superfast Express
12550,Jat Durg Superfast Express
12551,Yprkyq Ac Express
12552,Kyq Ypr Ac Express
12553,Vaishali Express
12554,Vaishali Express
12555,Gorakdam Express
12556,Gorakdam Express
12557,Sapt Kranti Express
12558,Sapt Kranti Express
12559,Shiv Ganga Express
12560,Shiv Ganga Express
12561,Swatantra S Express
12562,Swatantrta S Express
12563,Ltt Ald Express
12565,Bihar S Kranti
12566,Bihar S Kranti
12567,Rajya Rani Express
12568,Rajya Rani Express
12569,Jyg Anvt G Rath
12570,Jyg Garib Rath
12571,Hwh Sspn Express
12573,Snsi Hwh Superfast Express
12574,Hwh Snsi Express
12575,Kgp  Prr  Exres
12576,Prr Kgp Express
12577,Bagmati Express
12578,Bagmati Express
12579,Dgha Puri Superfast E
12580,Puri Dgha Superfast E
12581,Pune Bbs Express
12582,Bbs Pune Express
12583,Bl  Puri S F Express
12584,Puri Valsad Express
12585,Hwh Sbp Superfast Express
12586,Sbp Hwh Superfast Express
12587,Amar Nath Express
12588,Jammu Gkp Express
12589,Gkp Sc Express
12590,Gorakhpur Express
12591,Gkp Ypr Express
12592,Gorakhpur Express
12593,Ljn Bpl G R
12594,Ljn Garib Rath
12601,Mangalore Mail
12602,Chennai Mail
12603,Hyderabad Express
12604,Chennai Express
12605,Pallavan Express
12606,Pallavan Express
12607,Lalbagh Express
12608,Lalbagh Express
12609,Bangalore Express
12610,Chennai Express
12611,Nzm Garib Rath
12612,Mas Garib Rath
12613,Tippu Express
12614,Tippu Express
12615,Grand Trunk Express
12616,G Terminus Express
12617,Mangala Ldweep
12618,Mngla Lksdp Express
12619,Matsyagandha Express
12620,Matsyaganda Express
12621,Tamil Nadu Express
12622,Tamil Nadu Express
12623,Trivandrum Mail
12624,Chennai Mail
12625,Kerala Express
12626,Kerala Express
12627,Karnataka Express
12628,Karnataka Express
12629,Sampark Kranti
12630,Ypr S Kranti Express
12631,Nellai Express
12632,Nellai Express
12633,Kanyakumari Express
12634,Kanyakumari Express
12635,Vaigai Express
12636,Vaigai Express
12637,Pandian Express
12638,Pandian Express
12639,Brindavan Express
12640,Brindavan Express
12641,Tirukkural Express
12642,Thirukkural Express
12643,Nizamuddin Express
12644,Swarna Jayanti
12645,Nizamuddin Express
12646,Ers Millenum Express
12647,Kongu Express
12648,Kongu Express
12649,Sampark Kranti
12650,Ktk Sampark K Express
12651,Sampark Kranti
12652,Terminus N Sampark Kranti
12653,Tpj Maq Express
12654,Tiruchi Express
12655,Navjeevan Express
12656,Navajivan Express
12657,Bangalore Mail
12658,Chennai Mail
12659,Gurudev Express
12660,Gurudev Express
12661,Pothigai  Express
12662,Pothigai   Express
12663,Hwh Tpj Express
12664,Howrah Express
12665,Kannyakumari Express
12666,Cape Howrah Express
12667,Nagercoil Express
12668,Chennai Express
12669,Gangakaveri Express
12670,Gangakaveri Express
12671,Nilagiri Express
12672,Nilagiri Express
12673,Cheran Express
12674,Cheran Express
12675,Kovai Express
12676,Kovai Express
12677,Ernakulam Express
12678,Bangalore Express
12679,Coimbatore Express
12680,Chennai Express
12681,Coimbatore Express
12682,Chennai Express
12683,Bangalore Superfast Express
12684,Ernakulam Superfast Express
12685,Mangalore Express
12686,Chennai Express
12687,Dehradun Express
12688,Ddn Mdu Superfast Express
12689,Nagercoil Express
12690,Ncj Chennai Express
12691,Sspn Express
12692,Chennai Express
12693,Pearl City Express
12694,Pearl City Express
12695,Trivandrum Express
12696,Tvc Chennai Express
12697,Trivandrum Express
12698,Tvc Chennai Express
12701,Husainsagar Express
12702,Hussainsagar Express
12703,Falaknuma Express
12704,Falaknuma Express
12705,Gnt Sc Express
12706,Sc Gnt Express
12707,Andhra Pradesh Sampark Kranti
12708,Ap Sampark Kranti
12709,Simhapuri Express
12710,Simhapuri Express
12711,Pinakini Express
12712,Pinakini Express
12713,Satavahana Express
12714,Satavahana Express
12715,Sachkhand Express
12716,Asr Ned Express
12717,Ratnachalam Express
12718,Ratnachal Express
12719,Aii Hyb Superfast Express
12720,Hyb Aii Superfast Express
12721,Nizamuddin Express
12722,Dakshin Express
12723,Andhra Pradesh Express
12724,Andhra Pradesh Express
12725,Intercity Express
12726,Intercity Express
12727,Godavari Express
12728,Godavari Express
12729,Pune Nanded Express
12730,Pune Express
12731,Tpty Sc Express
12732,Sc Tpty Superfast Express
12733,Narayanadri Express
12734,Narayanadri Express
12735,Ypr Garib Rath
12736,Sc Garib Rath
12737,Goutami Express
12738,Goutami Express
12739,Vskp Garib Rath
12740,Vskp Garib Rath
12741,Vsg Patna Express
12742,Pnbe Vsg Express
12743,Puri St Wkly Express
12744,Surat Puri Express
12745,Ltt Puri Superfast Express
12747,Palnadu Express
12748,Palnadu Express
12749,Vskp Ltt Express
12750,Ltt Vskp Superfast Express
12754,Njp Mas Express
12755,Haldia Express
12757,Tpty Cbe  Express
12758,Tirupathi Express
12759,Charminar Express
12760,Charminar Express
12761,Tpty Krmr  Express
12762,Krmr Tpty   Express
12763,Padmavathi Express
12764,Padmavati Express
12765,Tpty Ami Superfast Express
12766,Ami Tpty Superfast Express
12767,Ned  Src Superfast Express
12768,Ned  Wkly  Express
12769,Seven Hills Express
12770,Seven Hills Express
12771,Sc Ngp Superfast Express
12772,Ngp Sc Superfast Express
12773,Shm Sc Ac  Express
12774,Sc Shm Ac  Express
12775,Cocanada Express
12776,Cocanada Express
12777,Kochuveli Express
12778,Hubli Express
12779,Goa Express
12780,Goa Express
12781,Swarna Jayanthi
12782,Swarna Jayanthi
12783,Vskp Sc Ac Express
12784,Sc  Vskp Ac Express
12785,Bangalore Express
12786,Kacheguda Express
12787,Bsp Ten Express
12788,Ten Bilaspur Express
12789,Rmm Cape Express
12791,Sc Pnbe Express
12792,Pnbe Sc Express
12793,Madurai Express
12795,Sc Intercity
12796,Bza Intercity
12797,Venkatadri Express
12798,Venkatadri Express
12801,Purushottam Express
12802,Purshottam Express
12803,Swarnajayanti E
12804,Vskp Swrn J Express
12805,Janmabhoomi Express
12806,Janmabhoomi Express
12807,Samta Express
12808,Samta Express
12809,Howrah Mail
12810,Hwh Mumbai Mail
12811,Hatia Express
12812,Hte Ltt Super
12813,Steel Express
12814,Steel Express
12815,Nandan Kanan Express
12816,Nandan Kanan Express
12817,Jharkhand Sj Express
12818,Jharkhand Express
12819,Orissa S Kranti
12820,Orissa S Kranti
12821,Dhauli Express
12822,Dhauli Express
12823,C G Sampark Kranti
12824,Chtsgrh S Kranti
12825,Jhrkhnd S Krant
12826,Jhrkhnd S Kranti
12827,Hwh Prr Express
12828,Prr Hwh Express
12829,Bhubaneswar Express
12830,Bbs Chennai Express
12831,Bbs  Garib Rath
12832,Dhn Garib Rath
12833,Howrah Express
12834,Hwh Adi Express
12835,Hte Ypr Express
12836,Ypr Hatia Express
12837,Hwh Puri Express
12838,Puri Hwh Express
12839,Hwh Mas Mail
12840,Howrah Mail
12841,Coromandal Express
12842,Coromandel Express
12843,Puri  Adi Express
12844,Adi Puri Express
12845,Bbs Ypr Superfast Express
12846,Bhubaneshwar Express
12847,Hwh Dgha Duront
12848,Dgha Hwh Duront
12849,Bsp Pune Superfast Express
12850,Pa Bilaspur Express
12851,Bsp Mas Express
12852,Bilaspur Express
12853,Amarkantak Express
12854,Amarkantak Express
12855,Nagpur Intercity
12856,Bsp Intercity
12857,Tamralipta Express
12858,Tamralipta Express
12859,Gitanjali Express
12860,Gitanjali Express
12861,Link Daksin Express
12863,Hwh Ypr Express
12864,Ypr Howrah Express
12865,Lalmati Express
12866,Lalmati Express
12867,Hwh Pdy Express
12868,Pdy Howrah Express
12869,Howrah Superfast Express
12870,Hwh Cstm Express
12871,Ispat Express
12872,Ispat Express
12873,Jharkhand S J E
12874,Jharkhand Express
12875,Neelachal Express
12876,Neelachal Express
12877,Rnc Garib Rath
12878,Ndls Rnc G Rath
12879,Ltt Bbs Superfast Express
12880,Bbs Ltt Superfast Express
12881,Hwh Puri G Rath
12882,Puri Hwh G Rath
12883,Rupasibangla Express
12884,Rupasibangla Express
12885,Aranyak Express
12886,Aranyak Express
12887,Hwh Puri Express
12888,Puri Hwh Express
12889,Tata Ypr Express
12890,Ypr Tata Express
12891,Bgy  Bbs Express
12892,Bbs Bpo Express
12893,Blgr  Express
12894,Bbs Express
12895,Hwh Puri Express
12896,Puri Hwh Express
12897,Pdy Bbs Express
12898,Bbs Pdy Express
12901,Gujarat Mail
12902,Gujarat Mail
12903,Goldentemple Ml
12904,Goldn Temple Ml
12905,Pbr Howrah Express
12906,Hwh Pbr  Okhaex
12907,Bdts Sampark K Express
12908,Mhrst Sampark K E
12909,Nzm Garib Rath
12910,Bdts Garib Rath
12911,Bl Haridwar Express
12912,Hw Bl Superfast Express
12913,Trishatabdi Express
12914,Trishatabdi Express
12915,Ashram Express
12916,Ashram Express
12917,Gujarat Sampark K
12918,Gujrat S Kranti
12919,Malwa Express
12920,Malwa Express
12921,Flying Ranee
12922,Flying Ranee
12923,Indb Nagpur Express
12924,Ngp Indore Express
12925,Paschim Express
12926,Paschim Express
12927,Vadodara Express
12928,Vadodara Express
12931,Adi Double Deck
12932,Bct Doubledecke
12933,Karnavati Express
12934,Karnavati Express
12935,Bdts Surat Express
12936,Surat Bdts Express
12937,Garbha Express
12938,Garbha Express
12939,Pune Jaipur Express
12940,Jp Pune Superfast Express
12941,Bvc Asansol Express
12942,Parasnath Express
12943,Udyogkarmi Express
12944,Udhyogkarmi Express
12945,Mahuva Express
12946,Surat Express
12947,Azimabad Express
12948,Azimabad Express
12949,Kaviguru Express
12950,Pbr Kaviguru Express
12951,Mumbai Rajdhani
12952,Mumbai Rajdhani
12953,Aug Kr Raj Express
12954,Ag Kranti Rajdhani
12955,Bct Jp Express
12956,Jp Bct Supfast
12957,Swarna J Raj Express
12958,Adi Sj Rajdhani
12959,Dadar Bhuj Express
12960,Bhuj Dadar Express
12961,Avantika Express
12962,Avantika Express
12963,Mewar Express
12964,Mewar Express
12965,Kurj Udz Superfast
12966,Udz Kurj Superfast
12967,Jaipur Express
12968,Jp Madras Express
12969,Cbe Jaipur Express
12970,Jp Cbe Superfast Express
12971,Bhavnagar Express
12972,Bvc Bdts Express
12973,Jaipur Express
12974,Jp Indb Express
12975,Jaipur Express
12976,Jp Mysore Express
12977,Maru Sagar Express
12978,Maru Sagar Express
12979,Jaipur Superfast Fast
12980,Jp Bdts Superfast Express
12981,Chetak Express
12982,Chetak Express
12983,Aii Cdg G Rath
12984,Cdg Aii G Rath
12985,Dee Double Dcke
12986,Jp Double Dcker
12987,Sdah Ajmer Express
12988,Aii Sdah Express
12989,Ajmer Express
12990,Aii Ddr  Express
12991,Udz Jp Express
12992,Jp Udz Express
12993,Gimb Puri Express
12994,Puri Gimb  Express
12995,Bdts Aii Udz Express
12996,Udz Bdts Superfast Express
13005,Amritsar Mail
13006,Asr Hwh Mail
13007,U Abhatoofan Express
13008,U A Toofan Express
13009,Doon Express
13010,Doon Express
13011,Hwh Mldt Intercity Express
13012,Mldt Hwh Intercity Express
13013,Bwn Rph Express
13014,Rph Bwn Express
13016,Hwh Kaviguru Express
13017,Ganadevta Express
13018,Ganadevta Express
13019,Bagh Express
13020,Bagh Express
13021,Mithila Express
13022,Mithila Express
13023,Hwh Gaya Express
13024,Gaya Hwh Express
13025,Hwh Bpl Express
13026,Bpl Howrah Express
13027,Kavi Guru Express
13028,Kavi Guru Express
13039,Janta Express
13043,Hwh Rxl Express
13044,Rxl Hwh Express
13049,Amritsar Express
13050,Asr Hwh Express
13051,Hool Express
13052,Hool Express
13053,Hwh Suri Express
13054,Suri Hwh Express
13063,Hwh Blgt Express
13064,Blgt Hwh Express
13071,Hwh Jmp Express
13072,Jmp Hwh Express
13103,Bhagirathi Express
13104,Bhagirathi Express
13105,Sdah Bui Express
13106,Bui Sdah Express
13108,Maitree Express
13109,Maitree Express
13110,Maitree Express
13111,Lal Quila Express
13112,Lal Quila Express
13113,Hazarduari Express
13114,Hazarduari Express
13115,Sdah Rph Intrct
13116,Rph Sdah Intrct
13117,Koaa Bpc Express
13118,Bpc Koaa Express
13119,Sdah  Dli Express
13120,Dli  Sdah Express
13131,Koaa Anvt Express
13132,Anvt Koaa Express
13133,Sdah Bsb Express
13134,Bsb Sdah Express
13135,Koaa Jyg Express
13136,Jyg Koaa Express
13137,Bp Amh Express
13138,Amh Koaa Express
13141,Testa Torsa Express
13142,Testa Torsa Express
13145,Radhikapur Express
13146,Radhikapur Express
13147,Uttar Banga Express
13148,Uttar Banga Express
13149,Kanchankanya Express
13150,Kanchankanya Express
13151,Jammu Tawi Express
13152,Sealdah Express
13153,Gour Express
13154,Gour Express
13155,Mithilanchal Express
13156,Mithilanchal Express
13157,Tirhut Express
13158,Tirhut Express
13159,Kolkata Jbn Express
13160,Jbn Kolkata Express
13161,Koaa Blgt Express
13162,Blgt Koaa Express
13163,Hate Bazare Express
13164,Hate Bazare Express
13165,Koaa Smi Express
13166,Smi Koaa Express
13167,Koaa Agc Express
13168,Agc Koaa Express
13185,Gangasagar Express
13186,Ganga Sagar Express
13187,Sdah Rph Express
13188,Rph Sdah Express
13201,Rjpb Ltt Express
13202,Ltt Rjpb Express
13205,Janhit Express
13206,Janhit Express
13225,Intercity Express
13226,Intercity Express
13233,Rajgriha Express
13234,Rajgriha Express
13235,Intercity Express
13236,Intercity Express
13237,Pnbe Kota Express
13238,Kota Pnbe Express
13239,Pnbe Kota Express
13240,Kota Pnbe Express
13241,Banka Rjpb Express
13242,Rjpb Banka Express
13245,Capital Express
13246,Capital Express
13247,Dnr Capital Express
13248,Kyq Capital Express
13251,Ipr Rjpb Express
13252,Rjpb Ipr Express
13255,Ppta Cdg Express
13256,Cdg  Ppta Express
13281,Ntsk  Rjpb  Express
13282,Rjpb Ntsk Express
13287,South Bihar Express
13288,South Bihar Express
13301,Subarnarekha Express
13302,Subarnarekha Express
13307,Gangasutlej Express
13308,Gangasatluj Express
13317,Blackdiamond Express
13318,Blackdiamond Express
13329,Gangadamodar Express
13330,Gangadamodar Express
13331,Dhn Pnbe Express
13332,Pnbe Dhn Express
13345,Sgrl Intercity
13346,Bsb Intercity E
13347,Palamou Express
13348,Palamou Express
13351,Dhn Alappuzha E
13352,Dhanbad Express
13401,Intercity   Express
13402,Intercity  Express
13403,Vananchal Express
13404,Vananchal Express
13409,Mldt Bgp Intercity Express
13410,Bgp Mldt Intercity Express
13413,Farakka Express
13414,Farkka Express
13415,Mldt Pnbe Express
13416,Pnbe Mldt Express
13417,Dgha Mldt Express
13418,Mldt Dgha Express
13419,Janasewa Express
13420,Jansewa Express
13421,Ndae Nfk Express
13422,Nfk  Ndae Express
13423,Bgp Aii Express
13424,Aii Bgp Express
13425,Mldt St Express
13426,St Malda Town E
13429,Mldt Anvt Express
13430,Anvt Mldt Express
13465,Intercity Express
13466,Intercity Express
13483,Farakka Express
13484,Farakka Express
13503,Intercity Express
13504,Intercity Express
13507,Asn Gkp Express
13508,Gkp Asn Express
13509,Asn Gd Express
13510,Gd Asn Express
13511,Tata Asn Express
13512,Tatanagar  Express
14001,Dli Attari Express
14002,Attari Dli Express
14003,Nfk Ndls Express
14004,Ndls Mldt Express
14005,Lichchavi Express
14006,Lichchavi Express
14007,Sadbhawna Express
14008,Sadhbhawna Express
14011,Dli Hsx Express
14012,Hsx Dli Express
14013,Sln Dli Express
14014,Sultanpur Express
14015,Sadbhawana Express
14016,Sadhbhawna Express
14017,Sadbhavna Express
14018,Sadbhavna Express
14019,Kanhan Valle Express
14020,Kahanvally Express
14033,Jammu Mail
14034,Jammu Mail
14035,Dauladhar Express
14036,Dhauladhar Express
14037,Dli Ptk Express
14038,Ptk Dli Express
14041,Mussoorie Express
14042,Mussoorie Express
14043,Garhwal Express
14044,Garhwal Express
14055,Brahmputra Mail
14056,Brahmputra Mail
14084,Mahananda Express
14095,Himalyan Queen
14096,Himalayan Queen
14114,Link Express
14115,Ald Hw Express
14116,Hw Ald Express
14119,Kgm Ddn Express
14120,Ddn Kgm Express
14151,Cnb Anvt Express
14152,Anvt Cnb Express
14153,Cnb Asr Express
14154,Asr Cnb Express
14155,Cnb Uhp Express
14156,Uhp Cnb Express
14163,Sangam Express
14164,Sangam Express
14203,Bsb Lko Intercity
14204,Lko Bsb Intercity
14205,Fd Dli Express
14206,Dli Fd Express
14207,Padmavat Express
14208,Padmavat Express
14209,Bdl Lko Intercity
14210,Lko Bdl Intercity
14211,Intercity Express
14212,Intercity Express
14213,Bsb Gd Intercity
14214,Gd Bsb Intercity
14215,Ganga Gomti Express
14216,Ganga Gomti Express
14217,Unchahar Express
14218,Unchahar Express
14219,Bsb Lko Express
14220,Lko Bsb Express
14223,Budh Purnima Express
14224,Budhpurnima Express
14227,Varuna Express
14228,Varuna Express
14235,Bsb Be Express
14236,Be Bsb Express
14257,K V Express
14258,Kashi V Express
14259,Rmm Varanasi Express
14265,Bsb Ddn Express
14266,Ddn Bsb Express
14307,Prg Be Express
14308,Be Lko Ald Passenger
14309,Ujjaini Express
14310,Ujjaiyani Express
14311,Ala Hazrat Express
14312,Ala Hazrat Express
14313,Bareilly Express
14314,Be Ltt Express
14315,Intercity Express
14316,Intercity Express
14317,Ind Ddn Express
14318,Ddn Indb Express
14319,Indb Barelly Express
14320,Be Indb Express
14321,Be Bhuj Express
14322,Bareilly Express
14323,Ndls Rok Express
14324,Rok Ndls Express
14369,Tribeni Express
14370,Triveni Express
14501,Bti Jat Express
14502,Jat Bti Express
14503,Klk Svdk Express
14504,Svdk Klk Express
14511,Nauchandi Express
14512,Nauchandi Express
14519,Kisan Express
14520,Kisan Express
14521,Dli Umb Express
14522,Umb Dli  Express
14523,Hariharnath Express
14524,Umb Mfp Express
14525,Sgnr Intercity
14526,Umb Intercity
14553,Himachal Express
14554,Himachal Express
14555,Bareilly Dli Express
14556,Bareilly Express
14605,Garib Rath Express
14606,Garib Rath Express
14609,Hemkunt Express
14610,Hemkunt Express
14615,Lku Asr Express
14616,Asr Lku Express
14623,Patalkot Express
14624,Patalkot Express
14625,Fzr Intercity
14626,Dee Intercity
14631,Ddn Asr Express
14632,Asr Ddn Express
14645,Shalimar Express
14646,Shalimar Express
14649,Saryu Yamuna Express
14650,Saryuyamuna Express
14659,Dli Jsm Express
14660,Jsm Dli Express
14662,Malani Express
14673,Shaheed Express
14674,Shaheed Express
14681,Ndls Juc Express
14682,Juc Ndls Express
14701,Jsm Bkn Express
14702,Bkn Jsm Express
14703,Jsm Lgh Express
14704,Lgh Jsm Express
14705,Dee Sujh Express
14706,Sujh Dee Express
14707,Ranakpur Express
14708,Ranakpur Express
14709,Bkn Puri Express
14710,Puri Bkn Express
14711,Rksh Sgnr Express
14712,Sgnr Rksh Express
14713,Sgnr Jat Express
14714,Jat Sgnr Express
14723,Kalindi Express
14724,Kalindi Express
14731,Dli Fka Express
14732,Fka Dli Express
14801,Ju Gimb Express
14802,Jodhpur Express
14803,Bgkt Adi Express
14804,Adi Bgkt Express
14805,Barmer Ac Express
14806,Bme Ypr Ac Express
14807,Jp Awr Express
14808,Awr Jp Express
14809,Jsm Ju Express
14810,Ju Jsm Express
14811,Sikr Dee Express
14812,Dee Sikar Express
14853,Marudhar Express
14854,Marudhar Express
14863,Marudhar Express
14864,Marudhar Express
14865,Marudhar Express
14866,Marudhar Express
14887,Klk Bme Express
14888,Barmer  Klk Express
14889,Ju Mbf Link Express
14890,Mbf Bgkt Express
15001,Mfp Ddn Express
15002,Ddn Mfp Express
15003,Chaurichauraexp
15004,Chaurichauraexp
15005,Gkp Ddn Express
15006,Ddn Gkp Express
15007,Muv Ljn Express
15008,Ljn Muv Express
15009,Chitrakut  Express
15011,Ljn Cdg Express
15012,Cdg Ljn Express
15013,Ranikhet Express
15014,Ranikhet Express
15015,Gkp Ypr Express
15016,Ypr Gorakpur Express
15017,Gorakhpur Express
15018,Gkp Ltt Express
15019,Ntv Intercity
15020,Gkp Intercity
15021,Shm Gkp Express
15022,Gkp Shm Express
15023,Gkp Ypr Express
15024,Ypr Gkp Express
15025,Mau Anvt Express
15026,Anvt Mau Express
15027,Maurya Express
15028,Maurya Express
15029,Gkp Pune Express
15030,Pune Gkp Express
15031,Rmr Cdg Express
15032,Cdg Rmr  Express
15033,Hw Rmr Express
15034,Rmr Hw Express
15035,Utr Samprk K Express
15036,Utr Samprk K Express
15043,Ljn Kgm Express
15044,Kgm Ljn Express
15045,Gkp Okha Express
15046,Gorakhpur Express
15047,Purbanchal Express
15048,Purvanchal Express
15049,Koaa  Gkp  Express
15050,Gkp Kolkata Express
15051,Koaa Gkp Express
15052,Gkp Kolkata Express
15053,Cpr Ljn Express
15054,Ljn Cpr Express
15055,Af Rmr Express
15056,Rmr Af Express
15057,Gkp Anvt Express
15058,Anvt Gkp Express
15097,Amarnath Express
15098,Amarnath Express
15103,Muv Intercity
15104,Gkp Intercity
15105,Gkp Intercity
15106,Cpr Intercity
15107,Cpr Mtj Express
15108,Mtj Cpr Express
15110,Budhpurnima Express
15111,Muv  Intercity
15112,Cpr Intercity
15115,Cpr Dli Express
15116,Dli Cpr Express
15117,Cpr G Express
15118,Gondia Cpr Express
15119,Rmm Muv Express
15120,Muv Rmm Express
15159,Sarnath Express
15160,Sarnath Express
15203,Bju Ljn Express
15204,Ljn Bju Express
15205,Chitrakut  Express
15206,Chitrakut Express
15227,Muzaffarpur Express
15228,Mfp Ypr Express
15230,Sarnath Express
15231,Bju Gondia Express
15232,Gondia Bju Express
15233,Koaa Dbg Express
15234,Dbg Koaa Express
15235,Hwh Dbg Express
15236,Dbg Hwh Express
15273,Satyagrah Express
15274,Satyagrah Express
15279,Poorbiya Express
15280,Poorabiya Express
15281,Koshi Express
15284,Jyg Shcjanki Express
15307,Nainital Express
15308,Nainital Express
15315,Gokul Express
15316,Gokul Express
15469,Intercity Express
15471,Intercity Express
15472,Intercity Express
15483,Mahananda Express
15484,Mahananda Express
15601,Porvotr S Kranti
15602,Ndls Scl Psk Express
15603,Inter City Express
15604,Intercity  Express
15605,Jttn Intercity
15606,Ghy Intercity
15609,Abadh Assam Express
15613,Kyq Mzs Ic Express
15614,Mzs Kyq Ic Express
15615,Intercity Express
15616,Intercity Express
15617,Ghy Nhln I C Express
15618,Nhln Ghy Ic Express
15619,Gaya Kyq Wkly E
15620,Kyq Gya Wkly Express
15621,Kyq Anvt Express
15622,Anvt Kyq Express
15623,Bgkt Kyq Express
15624,Kyq Bgkt Express
15629,Guwahati Express
15630,Guwahati Ms Express
15631,Bme Ghy Express
15632,Ghy Bme Bkn Express
15635,Guwahati Express
15636,Dwarka  Express
15639,Puri Ghy Express
15640,Ghy Puri Express
15643,Puri Kyq Express
15644,Kyq Puri Express
15645,Guwahati Express
15646,Ghy Ltt Express
15647,Guwahati Express
15648,Ghy Ltt Express
15651,Lohit Express
15652,Lohit Express
15653,Amarnath Express
15654,Jammu Ghy Express
15655,Kyq Svdk Express
15656,Svdk Kyq Express
15657,Kanchanjanga Express
15658,Kanchanjunga Express
15661,Rnc  Kyq Express
15662,Kyq Rnc Express
15665,B  G  Express
15666,B G Express
15667,Kamakhya Express
15668,Kyq Gimb Express
15669,Nagaland Express
15670,Nagaland Express
15691,Cachar Express
15693,Barak Valley Express
15707,Kir Asr Express
15708,Asr Kir Express
15711,Hwh Kir Express
15712,Kir Hwh Express
15713,Intercity Express
15714,Intercity Express
15715,Garib Nawaj Express
15716,Garib Nawaj Express
15719,Intercity
15720,Intercity
15721,Paharia Express
15722,Paharia Express
15723,Njp Smi Express
15724,Smi Njp Express
15813,Arunachal Express
15814,Arunachal Express
15817,Dbb Shtt Rr Express
15818,Shtt Dbb Rr Express
15901,Dibrugarh Express
15902,Dbrg Sbc Express
15903,Dbrg Cdg Express
15904,Cdg Dbrg Express
15905,Dbrg  Vivek Express
15906,Vivek Express
15909,Abadh Assam Express
15910,Avadh Assam Express
15927,Rny Dbrg Express
15928,Dbrg Rny Express
15929,Dibrugarh Express
15930,Dbrg Ms Express
15933,Dbrg Asr Express
15934,Asr Dbrg Express
15941,Jhajha Dbrg Express
15942,Dbrg Jhajha Express
15959,Kamrup Express
15960,Kamrup Express
16003,Mas Nsl Express
16004,Nsl Mas Wkly Express
16021,Kaveri  Express
16022,Kaveri Express
16031,Andaman Express
16032,Andaman Express
16043,Mangalore Express
16053,Tirupathi Express
16054,Madras Express
16057,Sapthagiri Express
16058,Saptagiri Express
16093,Lucknow Express
16094,Ljn  Mas Express
16101,Rameswaram Express
16102,Chennai Express
16105,Tiruchendur Express
16106,Tcn Chennai Express
16107,Ms Mangalore Express
16125,Ms Jodhpur Express
16126,Ju Ms Express
16127,Ms Guruvayur Express
16128,Guv Chennai Express
16129,Ms Tn Link Express
16130,Tn Ms Link Express
16175,Karaikal Express
16176,Chennai Express
16177,Rock Fort Express
16178,Rockfort Express
16179,Mannai Express
16180,Mannai Express
16181,Silambu Express
16182,Silambu Express
16183,Uzhavan Express
16184,Uzhavan Express
16185,Velankanni Express
16186,Velankanni Express
16187,Ernakulam Express
16188,Ers Karaikalexp
16201,Sbc Smet Express
16202,Smet Sbc Express
16203,Tirupathy Express
16204,Tpty Mas Express
16205,Mysore Express
16206,Talguppa Express
16209,Aii Mys Express
16210,Ajmer Express
16215,Chamundi Express
16216,Chamundi Express
16217,Mys Snsi Express
16218,Snsi Mys Express
16227,Talguppa Express
16228,Bangalore Express
16229,Mys Bsb Express
16230,Bsb Mys Express
16231,Mysore Express
16232,Mailaduturai Express
16235,Mysore  Express
16236,Tuticorin Express
16301,Venad Express
16302,Venad Express
16303,Vanchinad Express
16304,Vanchinad Express
16305,Cannanore Express
16306,Ernakulam Express
16307,Cannanore Express
16308,Alleppey Express
16311,Bkn Kcvl Express
16312,Bikaner Express
16313,Cannanore Express
16314,Ernakulam Express
16315,Kochuveli Express
16316,Bangalore Express
16317,Himsagar Express
16318,Himsagar Express
16321,Trivandrum Express
16322,Bangalore Express
16327,Krba Tvc Express
16331,Trivandram Express
16332,Mumbai Express
16333,Vrl Tvc Express
16334,Veraval Express
16335,Nagercoil Express
16336,Gandhidham Express
16337,Okha Ers Express
16338,Okha Express
16339,Nagarcoil Express
16340,Mumbai Express
16341,Trivandrum Express
16342,Guruvayur Express
16343,Amritha Express
16344,Amritha Express
16345,Netravati Express
16346,Netravathi Express
16347,Mangalore Express
16348,Trivandrum Express
16349,Rajya Rani Express
16350,Rajya Rani Express
16351,Nagarcoil Express
16352,Ncj Mumbai Express
16353,Kcg Ncj Express
16354,Kacheguda Express
16359,Ers Patna Express
16360,Pnbe Ers Express
16381,Kanyakumari Express
16382,Cape Mumbai Express
16501,Adi Ypr Express
16502,Ahmadabad Express
16505,Gimb Sbc Express
16506,Gandhidham Express
16507,Bgkt Sbcexp
16508,Jodhpur Express
16515,Ypr Kawr Express
16516,Kawr Ypr Express
16517,Kannur  Express
16518,Bangalore Express
16523,Karwar  Express
16524,Bangalore Express
16525,Bangalore Express
16526,Kanyakumari Express
16527,Ypr Cannanore E
16528,Yesvantpur Express
16530,Udyan Express
16531,Sbc Garib Nawaj
16532,Garib Nawaz Express
16533,Bgkt Sbc Express
16534,Sbc Jodhpur Express
16535,Golgumbaz Express
16536,Golgumbaz Express
16537,Nagercoil  Express
16538,Bangalore Express
16557,Rajyarani Express
16558,Rajyarani Express
16561,Kochuveli  Acex
16562,Kcvl Ypr Ac Express
16565,Mangaloreexp
16566,Yesvantpur  Express
16569,Ypr Kcg Express
16570,Kcg Ypr Express
16571,Ypr Bidr Express
16572,Bidr Ypr Express
16573,Puducherry Express
16574,Yesvantpur Express
16579,Shimoga Express
16580,Yesvanthpur Express
16587,Ypr Bkn Express
16588,Bkn Ypr Express
16589,Rani Chennamma
16590,Ranichennama Express
16591,Hampi Express
16592,Hampi Express
16593,Ned Sbc Express
16594,Sbc Nanded Express
16603,Maveli Express
16604,Maveli Express
16605,Ernad Express
16606,Ernad Express
16609,Coimbatore Express
16610,Nagercoil Express
16611,Tn Cbe Link Express
16612,Cbe Tn Link Express
16613,Coimbatore Express
16614,Rajkot Express
16615,Chemmozhi Express
16616,Chemmozhi Express
16617,Coimbatore Express
16618,Rameswaram Express
16627,West Coast Express
16628,West Coast Express
16629,Malabar Express
16630,Malabar Express
16649,Parasuram Express
16650,Parasuram Express
16669,Yercaud Express
16670,Yercaud Express
16687,Navyug Express
16688,Navyug Express
16701,Rameswaram Express
16702,Chennai Express
16713,Rameswaram Express
16714,Rmm Chennai Express
16723,Anantapuri Express
16724,Anantapuri Express
16732,Tuticorin Express
16733,Rmm Okha Express
16734,Rameswaram Express
16735,Tiruchendur Express
16736,Tcn Chennai Express
16779,Tpty Rmm Express
16780,Rmm Tpty Express
16787,Ten Jammu Express
16853,Trichy Express
16854,Chennai Express
16855,Mangalore Express
16856,Puducherry Express
16857,Mangalore Express
16858,Puducherry Express
16859,Ms Mangalore Express
16860,Maq Chennai Express
16861,Pdy Cape Express
16862,Puducherry Express
16863,Bgkt Mq Express
16864,Mq Bgkt Express
16865,Ernakulam Express
16866,Ers Karaikalexp
17001,Snsi Sc Express
17002,Sc Snsi Express
17005,Hyb Rxl Express
17006,Dbg Hyb Express
17007,Sc Dbg Express
17008,Dbg Sc Express
17009,Bidr Hyb Express
17010,Hyb Bidr Express
17011,Hyb Bpa  Express
17012,Bpa Hyb Express
17013,Pune Hyb Express
17014,Hyb Pune Express
17015,Visakha Express
17016,Visakha Express
17017,Rjt Sc Express
17018,Rajkot Express
17019,Aii Hyb Express
17020,Hyb Aii  Express
17023,Tungabhadra Express
17024,Tungabhadra Express
17025,Mugr Sc Express
17026,Sc Mugr Express
17031,Hyderabad Express
17032,Mumbai Express
17035,Telangana Express
17036,Telangana Express
17037,Sc Bkn Express
17038,Bkn Sc Express
17057,Devagiri Express
17058,Devagiri Express
17063,Ajanta Express
17064,Ajanta Express
17201,Golconda Express
17202,Golconda Express
17203,Bvc Kakinada Express
17204,Cct Bvc Express
17205,Snsi Cct Express
17206,Cct  Snsi  Express
17207,Snsi Bza Express
17208,Bza Snsi Express
17209,Seshadri Express
17210,Sheshadri Express
17211,Kondaveedu Express
17212,Kondaveedu Express
17213,Ns Nsl Express
17214,Nsl Ns Express
17221,Coa  Ltt Express
17222,Ltt Coa Express
17225,Amaravathi Express
17226,Amaravati Express
17229,Sabari Express
17230,Sabari Express
17231,Ns Nsl Express
17232,Nsl Ns Express
17233,Bhagyanagar Express
17234,Bhagyanagar Express
17235,Nagercoil Express
17236,Bangalore Express
17239,Simhadri Express
17240,Simhadri Express
17249,Mtm Sc Express
17250,Machiliptnm Express
17255,Ns Hydrabad Express
17256,Narasapur Express
17301,Mys Dharwad Express
17302,Dwr Mysore Express
17305,Nzm Link Express
17307,Basava Express
17308,Basava Express
17309,Ypr Vasco Express
17310,Ypr Biweekly Express
17311,Mas Vasco Express
17312,Vsg Chennai Express
17313,Mas Hubli Express
17314,Ubl Chennai Express
17315,Velankanni Express
17316,Vlnk Vsg Express
17317,Lokamanya Tt Express
17318,Ltt Hubli Express
17319,Secundrabad Express
17320,Sc  Ubl Express
17401,Tpty Mtm Ns Express
17402,Mtm Tpty Express
17404,Ns  Tpty Express
17405,Krishna Express
17406,Krishna Express
17407,Pamani Express
17408,Tirupati Express
17411,Mahalaxmi Express
17412,Mahalaxmi Express
17415,Haripriya Express
17416,Haripriya Express
17417,Tpty Snsi  Express
17418,Tirupati Express
17429,Rayalaseema Express
17430,Rayalaseema Express
17479,Puri Tpty Express
17480,Tpty Puri Express
17481,Bsp Tpty Express
17482,Tpty Bsp Express
17487,Tirumala Express
17488,Tirumala Express
17603,Kcg Ypr Express
17604,Kacheguda Express
17605,Maq Kcg Express
17606,Kcg  Maq  Express
17607,Tungabhadra Express
17608,Tungabhadra Express
17609,Pnbe  Pau Express
17610,Pau Pnbe Express
17613,Pune Nanded Express
17614,Ned Pune Express
17615,Kcg Mdu Express
17616,Kacheguda Express
17617,Tapovan Express
17618,Tapovan Express
17619,Awb Ned Express
17620,Ned Awb Express
17621,Awb Ru Express
17622,Ru Awb Express
17623,Ned Bkn Express
17624,Bkn Ned Express
17639,Kcg Ak Express
17640,Ak Kcg Express
17641,Kcg Nrkr Express
17642,Nrkr Kcg Express
17643,Circar Express
17644,Circar Express
17651,Kacheguda  Express
17652,Kcg Ms Express
17687,Marathwada Ps E
17688,Marathwada Express
18001,Kandari Express
18002,Kandari Express
18003,Jgm Prr Express
18004,Prr Jgm Express
18005,Hwh Koraput Express
18006,Koraput Hwh Express
18007,Simlipal Express
18008,Simlipal Express
18009,Src Aii Express
18010,Santragachi Express
18029,Ltt Shalimar Express
18030,Shm Ltt Express
18047,Amaravathi Express
18048,Vsg Howrah Express
18101,Tata Jat Express
18102,Muri Express
18103,Jalianwala B Express
18104,Jalianwala B Express
18105,Rou Bbs Intercity Express
18106,Bbs Rou Intercity Express
18107,Rou Krpu Express
18108,Krpu Rou Express
18109,Rou Muri Jat Express
18110,Jat Muri Rou Express
18111,Tata Ypr Express
18112,Ypr Tata Express
18181,Tata Cpr Express
18182,Cpr Tata Express
18183,Tata  Dnr Express
18184,Dnr Tata Express
18189,Tata Allp Express
18191,Utsarg Express
18192,Utsarg Express
18201,Durg Ntv Express
18202,Ntv Durg Express
18203,Betwa Express
18204,Betwa Express
18205,Durg Ntv Express
18206,Ntv Durg Express
18207,Durg Aii Express
18208,Aii Durg Express
18209,Drz R Express
18210,R Drz Express
18211,Durg Jdb Express
18212,Jdb Durg Express
18213,Durg Jp Express
18214,Jp Durg Express
18215,Durg Jat Express
18216,Jat Durg Express
18233,Narmada Express
18234,Narmada Express Passenger
18235,Bilaspur Express Passenger
18236,Bsp Bpl Passenger
18237,Chattisgarh Express
18238,Chhatisgarh Express
18239,Gad Ngp Express
18240,Ngp Bilaspur Express
18241,Durg Abkp Express Pa
18242,Abkp Durg Passenger E
18243,Bsp Bgkt Express
18244,Bgkt Bsp Express
18245,Bsp Bkn Express
18246,Bkn Bsp Express
18301,Sbp Rgda Express
18302,Rgda Sbp Express
18303,Sbp Puri Intercity Express
18304,Puri Sbp Intercity Express
18309,Nagavali Express
18310,Nagawali  Express
18311,Sbp Bsb Express
18312,Bsb Sbp Express
18401,Puri Okha Express
18402,Okha Puri Express
18403,Ckp Bbn Intercity Express
18404,Bbn Ckp Intercity Express
18405,Puri  Adi Express
18406,Adi Puri Express
18407,Puri Snsi Express
18408,Snsi Puri Express
18409,Srijagannathexp
18410,Srijagannath Express
18411,Inter City Express
18412,Inter City Express
18413,Prdp Puri Express
18415,Bbn Puri Express
18416,Puri Kdjr Express
18417,Rajya Rani Express
18418,Rajya Rani Express
18419,Puri Dbg Jyg Express
18420,Jyg Dbg Puri Express
18421,Puri Ajmer Express
18422,Aii Puri Express
18425,Puri Durg Express
18426,Durg Puri Express
18437,Bbs Bwip Link E
18438,Bwip Bbs Link E
18447,Hirakhand Express
18448,Hirakhand Express
18449,B Nath Dham Express
18450,B Nath Dham Express
18451,Tapaswini Express
18452,Tapaswini Express
18463,Prasanthi Express
18464,Prasanthi Express
18473,Puri Ju Express
18474,Ju Puri Express
18477,Utkal Express
18478,Kalingautkalexp
18495,Bhubaneswar Express
18496,Bbs Rmm Express
18501,Vskp Gimb Express
18502,Gimb Vskp Express
18503,Vskp  Snsi   Express
18504,Snsi Vskp Express
18507,Vskp Asr Hkg Express
18508,Hirakund Express
18509,Vskp Ned Express
18510,Ned Vskp Express
18511,Krpu Vskp Intercity E
18512,Vskp Krpu Intercity E
18515,Tata Vskp Express
18516,Vskp Tata Express
18517,Krba Vskp Express
18518,Vskp Krba Express
18519,Vskp Ltt Express
18520,Ltt Vskp Express
18567,Vskp Qln Express
18568,Qln  Vskp Express
18573,Vskp Bgkt Express
18574,Bgkt Vskp Express
18603,Rnc Bgp Express
18604,Bgp Rnc Express
18605,Rnc  Jyg  Express
18606,Jyg Rnc Express
18609,Rnc Ltt Express
18610,Ranchi Express
18611,Rnc Bsb Express
18612,Bsb Rnc Express
18615,Hwh Hatia Express
18616,Hte Rnc Hwh Express
18618,Rnc Hwh Intercity Express
18619,Rnc Dumk Express
18620,Dumk Rnc Express
18621,Patliputra Express
18622,Patliputra Express
18623,Rjpb Hatia Express
18624,Hte Rjpb Express
18625,Pnbe Hte Express
18626,Hte Pnbe Express
18627,Hwh Rnc Intercity Express
18628,Rnc Hwh Intercity Express
18629,Rnc Njp Express
18630,Njp Rnc Express
18631,Rnc Garibnwaz E
18632,Rnc Garib Nawaz
18637,Hte Ypr Express
18638,Ypr Hatia Express
18645,East Coast Express
18646,East Coast Express
18695,Ipr Rjpb Express
18696,Rjpb Ipr Express
18697,Koshi Express
18698,Koshi Express
19005,Saurashtra Mail
19006,Saurashtra Mail
19011,Gujarat Express
19012,Gujarat Express
19017,Sau Janata Express
19018,Sau Janata Express
19019,Dehradun Express
19020,Dehradun Express
19021,Bdts Ljn Express
19022,Ljn Bdts Express
19023,Fzr Janata Express
19024,Fzr Bct Janta
19025,Mahuva Express
19026,Surat Express
19027,Vivek Express
19028,Vivek Express
19029,Bdts Dee Express
19030,Dee Bdts Express
19031,Haridwar Mail
19032,Hw  Adi Mail
19033,Gujarat Queen
19034,Gujarat Queen
19037,Avadh Express
19038,Avadh Express
19039,Avadh Express
19040,Avadh Express
19045,Tapti Ganga Express
19046,Tapti Ganga Express
19047,St Bhagalpur Express
19048,Bgp Surat Express
19049,Bdts Patna Express
19050,Pnbe Bdts Express
19051,Shramik Express
19052,Bl Shramik Express
19053,St Mfp Express
19054,Mfp St Express
19055,Bl Jodhpur Express
19056,Ju Bl Express
19057,Udn Varanasi Express
19058,Bsb Udn Express
19059,Jamnagar Intcit
19060,Surat Intercity
19061,Ramnagar Express
19062,Rmr Bdts Express
19063,Bdts Jsm Express
19064,Jsm Bdts Express
19065,Bdts Bgkt Express
19066,Bgkt Bdts Express
19107,Janmabhoomi  Express
19108,Janmabhoomi Express
19115,Bdts Bhuj Express
19116,Bhuj Bdts Express
19130,Adi Brc Intercity
19131,Kutch Express
19132,Kutch Express
19151,Gandhidham Express
19152,Palanpur Express
19165,Sabarmati Express
19166,Sabarmati Express
19167,Sabarmati Express
19168,Sabarmati Express
19201,Sc Pbr  Express
19202,Pbr Sc Express
19203,Bdts Bvc Express
19204,Bvc Bdts Express
19215,Saurashtra Express
19216,Saurashtra Express
19221,Somnath Express
19222,Somnath Express
19223,Adi Jat Express
19224,Jat Adi Express
19225,Bti Jat Express
19226,Jat Bti Express
19251,Smnh Okha Express
19252,Okha Somnath Express
19259,Kcvl Bvc Express
19260,Bvc Kcvl Express
19261,Porbandar Express
19262,Kochuveli Express
19263,Delhi Sr Express
19264,Dee Porbndr Express
19269,Pbr Motihari Express
19270,Pbr Express
19301,Yeshvantpur Express
19302,Ypr  Indb Express
19305,Shipra Express
19306,Shipra Express
19307,Chandigarh Express
19308,Cdg  Indb  Express
19309,Gnc Indore Express
19310,Indore Gnc Express
19311,Pune Indore Express
19312,Ind Pune Express
19313,Indb Patna Express
19314,Indore Express
19321,Indb Rjpb Express
19322,Rjpb Indb Express
19323,Intercity Express
19324,Indb Intercity
19325,Ind Amritsar Express
19326,Asr Indb Express
19327,Rtm Udaipur Express
19329,Udaipur City Express
19330,Udz Indb Express
19403,Sultanpur Express
19404,Sln Adi Express
19407,Adi Varanasi Express
19408,Bsb Adi Express
19409,Gorakhpur Express
19410,Gkp Adi Express
19411,Ajmer Intercity
19412,Intercity Express
19413,Kolkata Express
19414,Koaa Adi Express
19415,Adi Svdk Express
19416,Svdk Adi Express
19419,Mas Adi Express
19420,Adi Chennai Express
19451,Gandhidham Express
19452,Bandra Terminus Express
19453,Gimb Puri Express
19454,Puri Gimb Express
19565,Uttaranchal Express
19566,Uttaranchal Express
19567,Vivek Express
19568,Vivek Express
19569,Okha Bsb Express
19570,Bsb Okha Express
19571,Rjt Pbr Express
19572,Pbr  Rjt Express
19573,Jaipur Express
19574,Jp Okha Express
19575,Okha  Ndt Express
19576,Ndt Okha Express
19577,Hapa Express
19578,Hapa Ten Express
19579,Rjt Dee Express
19580,Dee Rjt Express
19601,Udz Njp Express
19602,Njp Udz Express
19605,Koaa Aii Express
19607,Aii Wkly Express
19608,Aii Koaa Express
19609,Aii Hw Express
19610,Hw Aii Express
19611,Ajmer Asr Express
19612,Asr Ajmer Express
19613,Ajmer Asr Express
19614,Asr Aii Express
19653,Ratlam Ajmer Express
19654,Aii Rtm Express
19657,Udaipur City Express
19658,Udz Indb Express
19659,Shm Udz Express
19660,Udz Shm Express
19665,Kurj Udz Express
19666,Udz Kurj Express
19707,Aravali Express
19708,Aravali Express
19709,Kavi Guru Express
19710,Kyq Jp Kaviguru
19711,Jp Bpl Express
19712,Bpl Jaipur Express
19713,Jp Sc Express
19714,Sc Jp Express
19715,Jp Ljn Express
19716,Ljn Jp Express
19717,Jp Cdg Intercity
19718,Cdg Jp Intercity
19772,Asr Jaipur Express
19801,Indb Intercity
19802,Intercity Express
19803,Kota Jat Express
19804,Jat Kota Express
19943,Udz Adi Express
19944,Adi Udz Express
21028,Mumbai Mail
21068,Saket Link Express
21107,Kurj Bsb Link E
21108,Bsb Kurj Link E
21125,Indore Bhind Express
21126,Bix Indb Express
22101,Rajya Rani Express
22102,Rajya Rani Express
22103,Ltt Fd Superfast Express
22104,Fd Ltt Superfast Express
22105,Indrayani Express
22106,Indrayani Express
22107,Cstm Latur Express
22108,Latur Cstm Express
22109,Ltt Nzm Ac Express
22110,Nzm Ltt Ac Express
22111,Bsl Ngp Superfast Express
22112,Ngp Bsl Superfast Express
22113,Ltt Kcvl Express
22114,Kcvl Ltt Superfast Express
22115,Ltt Krmi Ac Superfast
22116,Krmi Ltt Ac Superfast
22117,Kcg Double Deck
22118,Gnt Double Deck
22119,Kcg Double Deck
22127,Anandwan Express
22128,Anandwan Express
22131,Gyan Ganga Express
22132,Gyan Ganga Superfast
22133,Sur Ypr Superfast Express
22134,Solapur Express
22145,Pvr Mrj Superfast Express
22146,Mrj Pvr Superfast Express
22149,Ers Pune Express
22150,Pune Ers Superfast Express
22161,Rajya Rani Express
22162,Rajya Rani Express
22181,Jbp  Nzm Express
22182,Nzm Jbp Superfast Express
22183,Ind Double Deck
22184,Hbj Double Deck
22185,Ind Double Deck
22186,Bpl Double Deck
22187,Intercity Express
22188,Intercity Express
22201,Duronto Express
22202,Duronto Express
22203,Sc Duronto Express
22204,Vskp Duronto  E
22205,Mdu Duronto Express
22206,Mas Duronto Express
22207,Super Ac Express
22208,Super Ac Express
22209,Ndls Duronto Express
22210,Bct Duronto
22211,Aii Nzm Duronto
22212,Nzm Aii Duronto
22213,Shm Pnbe Duront
22214,Duronto Express
22308,Bkn Hwh Supfast
22309,Hwh Njp Ac Express
22310,Njp Hwh Ac Express
22351,Ppta Ypr Express
22352,Patliputraexp
22355,Suvidha Train
22356,Suvidha Express
22387,Blackdiamond Express
22388,Blackdiamond Express
22401,Dee Uhp Ac Superfast
22402,Uhp Dee Ac Superfast
22403,Pdy Ndls Express
22404,Ndls Pdy Express
22405,Bgp  Garib Rath
22406,Anvt Bgp G Rath
22407,Bsb Anvt G Rath
22408,Bsb Garib Rath
22409,Anvt Garib Rath
22410,Ssm Garib Rath
22411,Nhln Ndls Ac Express
22412,Ndls Nhln Ac Superfast
22413,Nzm Rajdhani
22414,Nzm Mao Raj
22415,Vskp Ndls Apexp
22416,Andhra Pradesh Express
22417,Mahamana Express
22418,Mahamana Express
22419,Suhaildev Superfast Express
22420,Suhaildev Superfast Express
22423,Ghy Rajdhani Express
22424,Ghy Rajdhani
22443,Cnb Bdts Superfast
22444,Bdts Kanpur Express
22447,Kurj Nzm Express
22451,Cdg Superfast Fast
22452,Cdg Bdts Superfast Express
22453,Rajya Rani Express
22454,Rajya Rani Express
22455,Snsi Klk Superfast Express
22456,Klk Snsi Superfast Express
22457,Ned Uhl Superfast Express
22458,Uhl Ned Superfast Express
22461,Shri Shakti Express
22462,Shri Shakti Express
22464,Rjsthn S Kranti
22471,Dee Intercity
22472,Bkn Intercity
22473,Bkn Bdts Superfast Express
22474,Bdts Bkn Superfast Express
22475,Bkn Cbe Ac S F
22476,Bikaner Ac Express
22477,Ju Jp Superfast Express
22478,Jp Ju Superfast Express
22479,Jsm Bkn Express
22480,Bkn Jsm Express
22481,Ju Dee Superfast
22482,Dee Ju Superfast
22483,Ju Gimb Superfast Express
22484,Jodhpur Express
22487,Rdp Anvt Link E
22488,Anvt Rdp Link
22511,Karmabhoomi Express
22512,Karmabhoomi Express
22520,Kyq Ltt Superfast Special
22601,Shirdi Express
22602,Snsi Chennai Express
22603,Kgp Vm Superfast Express
22604,Kharagpur Express
22605,Prr  Vm  Express
22606,Purulia Express
22607,Bangalore Superfast Express
22608,Ernakulam Superfast Express
22609,Intercity Express
22610,Intercity Express
22611,Mas Njp Express
22612,Njp Mas Express
22613,Haldia Express
22614,Hlz Mas Superfast Express
22615,Tpty Cbe  Express
22616,Tirupathi Express
22617,Tirupathi Express
22618,Tpty  Sbc  Express
22619,Bsp Ten Express
22620,Ten Bilaspur Express
22621,Rmm Cape Express
22622,Cape Rmm Express
22623,Madurai Express
22624,Chennai Express
22625,Sbc Double Deck
22626,Mas Double Deck
22627,Tirunelveli Express
22628,Tpj Express
22629,Dadar Ten Express
22630,Ten  Dr  Express
22631,Bkn Ac Superfast Express
22632,Bkn Mas Ac Superfast
22633,Nizamuddin Express
22634,Nzm Tvc Superfast Express
22635,Maq Intercity E
22636,Madgaon Express
22637,West Coast Express
22638,West Coast Express
22639,Alleppey Express
22640,Chennai Express
22641,Shalimar Express
22642,Shm Tvc Superfast Express
22643,Patna Express
22644,Pnbe Ers Express
22645,Ahilyanagari Express
22646,Ahilyanagari Express
22647,Krba Tvc Express
22648,Korba Express
22649,Yercaud Express
22650,Yercaud Express
22651,Palani Express
22652,Palani Mas Express
22653,Nizamuddin  Express
22654,Nzm Tvc Superfast Express
22655,Tvc Nzm Express
22656,Nzm Tvc Superfast Express
22659,Dehradun Express
22660,Ddn Kcvl Superfast Express
22679,Svdk Suvidha Express
22680,Svdk Ypr Suvdha
22681,Chennai Express
22682,Mysore Express
22683,Ypr Lko Express
22684,Lko Ypr Superfast
22685,Ypr  Skrantiexp
22686,Ypr S Kranti Express
22688,Cdg Mdu Superfast Express
22691,Rajdhani Express
22692,Banglore Rajdhani
22693,Rajdhani Express
22694,Banglore Rajdhn
22695,Jp Suvidha Express
22696,Jp Ypr Suvidha
22801,Vskp Snsi Superfast Express
22802,Snsi Vskp Express
22803,Hwh Sbp Superfast Express
22804,Sbp Hwh Superfast Express
22805,Bbs Ndls Superfast Express
22806,Ndls Bbs Superfast Express
22807,Src  Mas Ac Express
22808,Mas Src Ac Express
22809,Vskp Superfast Express
22810,Prdp Superfast Express
22811,Bbs Rajdhani Express
22812,Bubneswr Rajdhani
22813,Src  Prdp Superfast Express
22814,Prdp Src Superfast Express
22815,Bsp Ers S F Express
22816,Ers Bilaspur Express
22817,Hwh Mys Express
22818,Mys Howrah Express
22823,Bbs Rajdhani Express
22824,Bubneswr Rajdhani
22825,Shm Mas Superfast Express
22826,Mas Shm Express
22827,Puri Surat Express
22828,Surat Puri Express
22829,Bhuj Shm Express
22830,Shm Bhuj  Superfast Express
22831,Hwh Sspn Express
22832,Howrah Express
22835,Shm Puri Superfast Express
22836,Puri Shm Superfast Express
22843,Bsp Pnbe Express
22844,Pnbe Bsp Express
22845,Pune Hatia Superfast
22846,Hte Pune Express
22847,Vskp Ltt Express
22848,Ltt Vskp Superfast Express
22849,Shm Sc Wkly Express
22850,Sc  Shm Wkly Express
22851,Maq Vivek Express
22852,Src Vivek Express
22853,Shm Vskp Superfast Express
22854,Vskp Shm Superfast Express
22855,Src Tpty Superfast Express
22856,Tpty Src Superfast Express
22857,Src Anvt Superfast Express
22858,Anvt Src Superfast Express
22859,Puri Chennai Express
22860,Mas Puri Express
22861,Rajya Rani Express
22862,Rajya Rani Express
22863,Hwh Ypr Ac Express
22864,Ypr Hwh Ac Express
22865,Ltt Puri Superfast Express
22866,Puri Ltt Superfast Express
22869,Vskp Mas Superfast Express
22870,Visakapatnam Express
22871,Bbs Tpty Express
22872,Tpty Bbs  Express
22873,Dgha Vskp Express
22874,Vskp Digha Express
22875,Kgp  Prr  Exres
22876,Prr Kgp Express
22877,Dgha Puri Express
22878,Puri Digha Express
22879,Bbs Tpty Superfast Express
22880,Tpty Bbs  Superfast Express
22881,Pune Bbs Express
22882,Bbs Pune Express
22883,Puri Ypr G Rath
22884,Puri Garib Rath
22889,Dgha Puri Superfast E
22890,Puri Dgha Superfast E
22891,Hwh Rnc Intercity Express
22892,Rnc Hwh Intercity Express
22893,Snsi Hwh Superfast Express
22894,Hwh Snsi Express
22901,Udz Super Fast
22902,Udz Bdts Superfast
22903,Bhuj Ac S F Express
22904,Bdts Ac S F Express
22905,Okha Howrah Express
22907,Mao Hapa Superfast Express
22908,Hapa Madgaon Express
22909,Bl  Puri S F Express
22910,Puri Valsad Express
22911,Shipra Express
22912,Shipra Express
22913,Ndls Premium Special
22915,Bdts Hsr Superfast Express
22916,Hsr Bdts S F Express
22917,Haridwar Express
22918,Hw Bdts Superfast Express
22919,Delhi Special
22920,Dee Adi Superfast Special
22926,Paschim Express
22927,Lok Shakti Express
22928,Lok Shakti Express
22931,Bdts Jsm Express
22932,Jsm Bdts Superfast
22933,Bdts Jp Superfast Express
22934,Jp Bdts Superfast Express
22935,Bdts Pit Superfast Express
22936,Pit Bdts Superfast Express
22937,Rajkot Rewa Express
22938,Rewa Rjt Superfast Express
22939,Hapa Bsp Express
22940,Bsp Hapa  Superfast Express
22941,Inbd Jat S F Express
22942,Jat Indb Superfast Express
22943,Pune Indore Express
22944,Ind Pune Express
22981,Kota Hmh Superfast Express
22982,Hmh Kota Superfast
22985,Dee Double Dcke
22986,Jp Double Dcker
22996,Aii Bdts Superfast Express
23010,Doon Exxpress
23040,Rajgir Hwh Ch
23111,Grd Dnr Express
23112,Grd Koaa Express
23142,Teesta Torsa Express
23154,Gour Express
23225,Shc Dnr Link Express
23226,Dnr Shc Link Express
23346,Sktn Bsb Inter
23347,Sgrl Pnbe Lnk E
23348,Pnbe Sgrl Lnk E
24033,Jammu Mail
24034,Jammu Mail
24042,Mussoorie Express
24227,Varuna Express
24228,Varuna Express
24369,Tribeni Express
24370,Triveni Express
24512,Krj Ald Link Express
24887,Hw Bme Link Express
24888,Bme Hw Link Express
25014,Corbet Prk Link
25036,Rmr Dli Link Express
25610,Ghy Jivachh Lin
25631,Bkn Ghy Express
25643,Koaa Kyq Superfast Special
25644,Kyq Koaa Special
25652,Bsb Ghy
25653,Ghy Bsb Special
25657,Kanchanjanga Express
25658,Kanchanjunga Express
25715,Rdp Dli Lnk Express
25904,Cdg Dbrg  Special
25910,Ntsk Jivachh Li
28182,Kir Tata Lnk Express
28624,Barka Rjpb Express
29019,Mds Kota Mtc Express
29020,Dehradun Express
29059,Hapa Intercity
29060,Surat Intercity
39801,Indb Intercity
50103,Ratnagiri Passenger
50104,Rn Dadar Passenger
50105,Diva Swv Passenger
50106,Swv Diva Passenger
51027,Fast Passenger
51028,Fast Passenger
51029,Bb Bjp Fast Passenger
51030,Bjp Bb Fast Passenger
51033,Shirdi Fast Passenger
51034,Cstm Fast Passenger
51196,Bpq Wr Passenger
51401,Pune Mmr Passenger
51402,Mmr Pune Passenger
51421,Pune Nzb Passenger
51422,Nzb Pune Passenger
51433,Nzb Pvr Passenger
51434,Pvr Nzb Passenger
51450,Sur Pune Passenger
51451,Pune Brmt Passenger
51452,Brmt Pune Passenger
51455,Pune Sur Passenger
51701,Jbp Rewa Passenger
51702,Rewa Jbp Passenger
51753,Rewa Chrm Fast Passenger
51754,Chrm Rewa F Pgr
52101,Nrl/Matheranpas
52103,Nrl Mae Passenger
52105,Nrl Mae Passenger
52107,Nrl Mae Passenger
52109,Nrl Mae Passenger
52228,Tpu Ash Express
52451,Shivalk Dlx Express
52453,Kalka Simla Express
52454,Sml Klk Express
52455,Himalyan Queen
52456,Himalyan  Queen
52457,Klk Sml Passenger
52458,Sml Klk Passenger
52544,Dj Kgn Ng Train
52545,Kgn Dj Ng Train
52546,Joyride
52547,Joyride
52548,Joyride
52549,Joyride
52551,Jungle Safari
52559,Jungle Safari
52570,Red Panda
52574,Joyride Diesel
52575,Agtl Dmr Passenger
52576,Dmr Agtl Passenger
52587,Kgn Dj Ng Train
52588,Dj Kgn Ng Train
52927,Mewar Fast Passenger
52928,Mewar Fast Passenger
52993,Mhow Ak Fast Passenger
52994,Ak Mhow  F  Passenger
53003,Hwh Mldt F Passenger
53004,Mldt Hwh Fast Passenger
53045,Mayurakshi F Pa
53047,Viswavarati Passenger
53048,Viswabharti Passenger
53049,Hwh Mka Passenger
53050,Mka Hwh  Passenger
53139,Koaa Jsme Pgs
53140,Jsme Koaa Pgs
53172,Lgl Sdah Passenger
53175,Sdah Lgl Pgr
53178,Lgl Sdah Passenger
53181,Lalgola Passenger
53520,Grd Link Passenger Express
54075,Spc Delhi Passenger
54076,Sitapurcity Passenger
54077,Be Dli Psngr
54078,Dli Be Passengr
54251,Lko Sre Passenger
54601,Hsr Asr Psngr
54602,Asr Hsr Passenger
54701,Bti Lgh Passenger
54703,Abs Ju Passengr
54704,Ju Bti Pasenger
54801,Ju Aii Fast Passenger
54802,Aii Ju Fast Passenger
54805,Jaipur Passenger
54806,Jp Adi Passnger
54811,Bpl Ju Passenger
54812,Ju Bpl Passenger
54833,Jp Hsr Passenger
54834,Hsr Jp Passenger
55149,Gkp Muv Passenger
55322,Rmr Bsb Express
55601,Kyq Lmg Passenger
55602,Lmg Kyq Passenger
55615,Ghy Scl Passenger
55616,Scl Ghy  Passenger
56101,Chennai Express
56136,Mtp Uam Passenger
56137,Uam Mtp Passenger
56138,Onr Uam Passenger
56139,Uam Onr Passenger
56213,Tirupati Passenger
56214,Tpty Cmnr Passenger
56263,Bangalore Passenger
56264,Mysore Passenger
56501,Hubli Passenger
56502,Ubl Bza Passenger
56503,Vijayawada Passenger
56504,Bza Bnc Passenger
56700,Punalur Passenger
56701,Madurai Passenger
56909,Hospet Passenger
56912,Sbc Fast Psgn
57130,Hyb Bjp Psgr
57140,Link Secbad Express
57229,Mtm Vskp Passenger
57271,Rayagada Psgnr
57272,Rgda Bza Passenger
57549,Aurangabad Psgr
57563,Hyb Pbn Passenger
57564,Ned Hyb Passenger
57619,Ral Sc Fastpass
57620,Kcg Ral Fastpas
58011,Hwh Ckp Passenger
58113,Tata Bsp Passenger
58209,Gad Bsp Passenger
58210,Bsp Gad Passenger
58219,Bsp Chrm Passenger
58501,Vskp  Krdl  Passenger
58502,Krdl  Vskp  Passenger
58530,Vskp Durg Passenger
58839,Ngp Nir Jbp Passenger
58840,Jbp Nir Ngp Passenger
58865,Btc Jbp Passenger
58868,Jbp Btc Passenger
58870,Jbp Btc Passenger
58871,Btc Jbp Passenger
59076,Bsl St Bct Passenger
59230,Bvc St Link Express
59385,Panchvalley Passenger
59386,Panchvalley  Pa
59389,Bhopal Passenge
59390,Bpl Indb Passenger
59393,Dhd Hbj Fast Pa
59439,Ahmadabad Passenger
59440,Ahmadabad Passenger
59441,Ahmedabad Passenger
59442,Ahmedabad Passenger
59460,Vrl Bct Passenger Express
59801,Kota Jaipur Passenger
59802,Jp Rtm Fastpass
59811,Haldighati Passenger
59812,Haldighati Passenger
59821,Kota Bix Passenger
72451,Rail Motor
72452,Rail Motor
74639,Bahl  Sina
74640,Sina   Bahl
83112,Dnr Grd Express
83132,Dnr Grd Link Express
84369,Tribeni Express
92059,Kota Jan Shatabdi
93238,Kota Pnbe Express
93240,Kota Pnbe Express
99734,Kota Hmh Special
99801,Kota Jaipur Passenger
99821,Kota Bix Passenger
